PassengerId,Survived,Pclass,Name,Sex,Age,SibSp,Parch,Ticket,Fare,Embarked
1,0,3,"Braund, Mr. Owen Harris",0,-0.5654188991856517,1,0,A/5 21171,-0.5021631365156053,2.0
2,1,1,"Cumings, Mrs. John Bradley (Florence Briggs Thayer)",1,0.6634883904242613,1,0,PC 17599,0.7864036178345382,0.0
3,1,3,"Heikkinen, Miss. Laina",1,-0.2581920767831734,0,0,STON/O2. 3101282,-0.48857985158126094,2.0
4,1,1,"Futrelle, Mrs. Jacques Heath (Lily May Peel)",1,0.43306827362240263,1,0,113803,0.42049406976540915,2.0
5,0,3,"Allen, Mr. William Henry",0,0.43306827362240263,0,0,373450,-0.48606442844527126,2.0
6,0,3,"Moran, Mr. James",0,-0.10457866558193428,0,0,330877,-0.47784805031387456,1.0
7,0,1,"McCarthy, Mr. Timothy J",0,1.8923956800341744,0,0,17463,0.39559138071911126,2.0
8,0,3,"Palsson, Master. Gosta Leonard",0,-2.101553011198043,3,1,349909,-0.22395733767514672,2.0
9,1,3,"Johnson, Mrs. Oscar W (Elisabeth Vilhelmina Berg)",1,-0.18138537118255385,0,2,347742,-0.4240179952036955,2.0
10,1,2,"Nasser, Mrs. Nicholas (Adele Achem)",1,-1.1798725439906081,1,0,237736,-0.042931390101259084,0.0
11,1,3,"Sandstrom, Miss. Marguerite Rut",1,-1.9479395999968037,1,1,PP 9549,-0.3119971474347855,2.0
12,1,1,"Bonnell, Miss. Elizabeth",1,2.1996225024366525,0,0,113783,-0.11378180431879874,2.0
13,0,3,"Saundercock, Mr. William Henry",0,-0.7190323103868907,0,0,A/5. 2151,-0.48606442844527126,2.0
14,0,3,"Andersson, Mr. Anders Johan",0,0.7402950960248809,1,5,347082,-0.01869880977838891,2.0
15,0,3,"Vestrom, Miss. Hulda Amanda Adolfina",1,-1.1798725439906081,0,0,350406,-0.49000458724548557,2.0
16,1,2,"Hewlett, Mrs. (Mary D Kingcome) ",1,1.9692023856347938,0,0,248706,-0.3260835169963277,2.0
17,0,3,"Rice, Master. Eugene",0,-2.101553011198043,4,1,382652,-0.06196408771741136,1.0
18,1,2,"Williams, Mr. Charles Eugene",0,-0.10457866558193428,0,0,244373,-0.38645367226008,2.0
19,0,3,"Vander Planke, Mrs. Julius (Emelia Maria Vandemoortele)",1,0.1258414512199244,1,0,345763,-0.2858367468204928,2.0
20,1,3,"Masselmani, Mrs. Fatima",1,-0.10457866558193428,0,0,2649,-0.5026662211428031,0.0
21,0,2,"Fynney, Mr. Joseph J",0,0.43306827362240263,0,0,239865,-0.12484966611715334,2.0
22,1,2,"Beesley, Mr. Lawrence",0,0.3562615680217831,0,0,248698,-0.38645367226008,2.0
23,1,3,"McGowan, Miss. Anna ""Annie""",1,-1.1030658383899885,0,0,330923,-0.4864829948551,1.0
24,1,1,"Sloper, Mr. William Thompson",0,-0.10457866558193428,0,0,113788,0.06632249221806229,2.0
25,0,3,"Palsson, Miss. Torborg Danira",1,-1.6407127775943255,3,1,349909,-0.22395733767514672,2.0
26,1,3,"Asplund, Mrs. Carl Oscar (Selma Augusta Emilia Johansson)",1,0.6634883904242613,1,5,347077,-0.01643492895599818,2.0
27,0,3,"Emir, Mr. Farred Chehab",0,-0.10457866558193428,0,0,2631,-0.5026662211428031,0.0
28,0,1,"Fortune, Mr. Charles Alexander",0,-0.7958390159875103,3,2,19950,4.6443925997192785,2.0
29,1,3,"O'Dwyer, Miss. Ellen ""Nellie""",1,-0.10457866558193428,0,0,330959,-0.48950150261828757,1.0
30,0,3,"Todoroff, Mr. Lalio",0,-0.10457866558193428,0,0,349216,-0.48916745442582815,2.0
31,0,1,"Uruchurtu, Don. Manuel E",0,0.8171018016255005,0,0,PC 17601,-0.09022134505786501,0.0
32,1,1,"Spencer, Mrs. William Augustus (Marie Eugenie)",1,-0.10457866558193428,1,0,PC 17569,2.3004368033867264,0.0
33,1,3,"Glynn, Miss. Mary Agatha",1,-0.10457866558193428,0,0,335677,-0.4921014439716465,1.0
34,0,2,"Wheadon, Mr. Edward H",0,2.814076147241609,0,0,C.A. 24579,-0.4367621349798736,2.0
35,0,1,"Meyer, Mr. Edgar Joseph",0,-0.10457866558193428,1,0,PC 17604,1.0054969729792393,0.0
36,0,1,"Holverson, Mr. Alexander Oskar",0,0.9707152128267396,1,0,113789,0.3983583461687,2.0
37,1,3,"Mamee, Mr. Hanna",0,-0.10457866558193428,0,0,2677,-0.5025817029254339,0.0
38,0,3,"Cann, Mr. Ernest Charles",0,-0.6422256047862712,0,0,A./5. 2152,-0.48606442844527126,2.0
39,0,3,"Vander Planke, Miss. Augusta Maria",1,-0.8726457215881299,2,0,345764,-0.2858367468204928,2.0
40,1,3,"Nicola-Yarred, Miss. Jamila",1,-1.1798725439906081,1,0,2651,-0.42183662026016516,0.0
41,0,3,"Ahlin, Mrs. Johan (Johanna Persdotter Larsson)",1,0.8171018016255005,1,0,7546,-0.45738860469498893,2.0
42,0,2,"Turpin, Mrs. William John Robert (Dorothy Ann Wonnacott)",1,-0.18138537118255385,1,0,11668,-0.2254665915567405,2.0
43,0,3,"Kraeff, Mr. Theodor",0,-0.10457866558193428,0,0,349253,-0.48916745442582815,0.0
44,1,2,"Laroche, Miss. Simonne Marie Anne Andree",1,-2.0247463055974233,1,2,SC/Paris 2123,0.18865657484452994,0.0
45,1,3,"Devaney, Miss. Margaret Delia",1,-0.7958390159875103,0,0,330958,-0.48950150261828757,1.0
46,0,3,"Rogers, Mr. William John",0,-0.10457866558193428,0,0,S.C./A.4. 23567,-0.48606442844527126,2.0
47,0,3,"Lennon, Mr. Denis",0,-0.10457866558193428,1,0,370371,-0.3361452095402864,1.0
48,1,3,"O'Driscoll, Miss. Bridget",1,-0.10457866558193428,0,0,14311,-0.4921014439716465,1.0
49,0,3,"Samaan, Mr. Youssef",0,-0.10457866558193428,2,0,2662,-0.21179878840502697,0.0
50,0,3,"Arnold-Franchi, Mrs. Josef (Josefine Franchi)",1,-0.8726457215881299,1,0,349237,-0.2898614238380763,2.0
51,0,3,"Panula, Master. Juha Niilo",0,-1.717519483194945,4,1,3101295,0.15058916727371655,2.0
52,0,3,"Nosworthy, Mr. Richard Cater",0,-0.6422256047862712,0,0,A/4. 39886,-0.4910952747172506,2.0
53,1,1,"Harper, Mrs. Henry Sleeper (Myna Haxtun)",1,1.5083621520310766,1,0,PC 17572,0.8959935606848278,0.0
54,1,2,"Faunthorpe, Mrs. Lizzie (Elizabeth Anne Wilkinson)",1,-0.027771959981314716,1,0,2926,-0.12484966611715334,2.0
55,0,1,"Ostby, Mr. Engelhart Cornelius",0,2.7372694416409895,0,1,113509,0.5991736306380456,0.0
56,1,1,"Woolner, Mr. Hugh",0,-0.10457866558193428,0,0,19947,0.06632249221806229,2.0
57,1,2,"Rugg, Miss. Emily",1,-0.6422256047862712,0,0,C.A. 31026,-0.4367621349798736,2.0
58,0,3,"Novel, Mr. Mansouer",0,-0.0661753127816245,0,0,2697,-0.5025817029254339,0.0
59,1,2,"West, Miss. Constance Mirium",1,-1.8711328943961842,1,2,C.A. 34651,-0.08963374221329784,2.0
60,0,3,"Goodwin, Master. William Frederick",0,-1.4102926607924668,5,2,CA 2144,0.295729082220321,2.0
61,0,3,"Sirayanian, Mr. Orsen",0,-0.5654188991856517,0,0,2669,-0.5025817029254339,0.0
62,1,1,"Icard, Miss. Amelie",1,0.6634883904242613,0,0,113572,0.9618131286303881,
63,0,1,"Harris, Mr. Henry Birkhardt",0,1.2011353296285983,1,0,36973,1.0317418918109011,2.0
64,0,3,"Skoog, Master. Harald",0,-1.9479395999968037,3,2,347088,-0.08661523445011025,2.0
65,0,1,"Stewart, Mr. Albert A",0,-0.10457866558193428,0,0,PC 17605,-0.09022134505786501,0.0
66,1,3,"Moubarek, Master. Gerios",0,-0.10457866558193428,1,1,2661,-0.34126057402963506,0.0
67,1,2,"Nye, Mrs. (Elizabeth Ramell)",1,-0.027771959981314716,0,0,C.A. 29395,-0.4367621349798736,2.0
68,0,3,"Crease, Mr. Ernest James",0,-0.7958390159875103,0,0,S.P. 3464,-0.4838850658402498,2.0
69,1,3,"Andersson, Miss. Erna Alexandra",1,-0.9494524271887494,4,2,3101281,-0.48857985158126094,2.0
70,0,3,"Kink, Mr. Vincenz",0,-0.2581920767831734,2,0,315151,-0.47373885507892183,2.0
71,0,2,"Jenkin, Mr. Stephen Curnow",0,0.20264815682054396,0,0,C.A. 33111,-0.4367621349798736,2.0
72,0,3,"Goodwin, Miss. Lillian Amy",1,-1.026259132789369,5,2,CA 2144,0.295729082220321,2.0
73,0,2,"Hood, Mr. Ambrose Jr",0,-0.6422256047862712,0,0,S.O.C. 14879,0.8310111255589248,2.0
74,0,3,"Chronopoulos, Mr. Apostolos",0,-0.2581920767831734,1,0,2680,-0.35719024566523044,0.0
75,1,3,"Bing, Mr. Lee",0,0.20264815682054396,0,0,1601,0.4888290608469592,2.0
76,0,3,"Moen, Mr. Sigurd Hansen",0,-0.33499878238379294,0,0,348123,-0.4941137824804383,2.0
77,0,3,"Staneff, Mr. Ivan",0,-0.10457866558193428,0,0,349208,-0.48916745442582815,2.0
78,0,3,"Moutal, Mr. Rahamin Haim",0,-0.10457866558193428,0,0,374746,-0.48606442844527126,2.0
79,1,2,"Caldwell, Master. Alden Gates",0,-2.191416856750768,0,2,248738,-0.06447951085340105,2.0
80,1,3,"Dowdell, Miss. Elizabeth",1,0.04903474561930485,0,0,364516,-0.3970184494312366,2.0
81,0,3,"Waelens, Mr. Achille",0,-0.5654188991856517,0,0,345767,-0.4669472126117497,2.0
82,1,3,"Sheerlinck, Mr. Jan Baptist",0,-0.027771959981314716,0,0,345779,-0.456885520067791,2.0
83,1,3,"McDermott, Miss. Brigdet Delia",1,-0.10457866558193428,0,0,330932,-0.4913468170308496,1.0
84,0,1,"Carrau, Mr. Francisco M",0,-0.10457866558193428,0,0,113059,0.29975375923790454,2.0
85,1,2,"Ilett, Miss. Bertha",1,-0.9494524271887494,0,0,SO/C 14885,-0.4367621349798736,2.0
86,1,3,"Backstrom, Mrs. Karl Alfred (Maria Mathilda Gustafsson)",1,0.2794548624211635,3,0,3101278,-0.3291020247595153,2.0
87,0,3,"Ford, Mr. William Neal",0,-1.026259132789369,1,3,W./C. 6608,0.04368368399415517,2.0
88,0,3,"Slocovski, Mr. Selman Francis",0,-0.10457866558193428,0,0,SOTON/OQ 392086,-0.48606442844527126,2.0
89,1,1,"Fortune, Miss. Mabel Helen",1,-0.4886121935850321,3,2,19950,4.6443925997192785,2.0
90,0,3,"Celotti, Mr. Francesco",0,-0.4118054879844125,0,0,343275,-0.48606442844527126,2.0
91,0,3,"Christmann, Mr. Emil",0,-0.027771959981314716,0,0,343276,-0.48606442844527126,2.0
92,0,3,"Andreasson, Mr. Paul Edvin",0,-0.7190323103868907,0,0,347466,-0.49000458724548557,2.0
93,0,1,"Chaffee, Mr. Herbert Fuller",0,1.277942035229218,1,0,W.E.P. 5734,0.5829904043503423,2.0
94,0,3,"Dean, Mr. Bertram Frank",0,-0.2581920767831734,1,2,C.A. 2315,-0.23401903021910545,2.0
95,0,3,"Coxon, Mr. Daniel",0,2.276429208037272,0,0,364500,-0.5021631365156053,2.0
96,0,3,"Shorney, Mr. Charles Joseph",0,-0.10457866558193428,0,0,374910,-0.48606442844527126,2.0
97,0,1,"Goldschmidt, Mr. George B",0,3.198109675244707,0,0,PC 17754,0.04930213311070177,0.0
98,1,1,"Greenfield, Mr. William Bertram",0,-0.4886121935850321,0,1,PC 17759,0.6269257910127926,0.0
99,1,2,"Doling, Mrs. John T (Ada Julia Bone)",1,0.3562615680217831,0,1,231919,-0.18521982138090565,2.0
100,0,2,"Kantor, Mr. Sinai",0,0.3562615680217831,1,0,244367,-0.12484966611715334,2.0
101,0,3,"Petranec, Miss. Matilda",1,-0.10457866558193428,0,0,349245,-0.48916745442582815,2.0
102,0,3,"Petroff, Mr. Pastcho (""Pentcho"")",0,-0.10457866558193428,0,0,349215,-0.48916745442582815,2.0
103,0,1,"White, Mr. Richard Frasar",0,-0.6422256047862712,0,1,35281,0.9072284465794119,2.0
104,0,3,"Johansson, Mr. Gustaf Joel",0,0.2794548624211635,0,0,7540,-0.4739058791751516,2.0
105,0,3,"Gustafsson, Mr. Anders Vilhelm",0,0.5866816848236418,2,0,3101276,-0.48857985158126094,2.0
106,0,3,"Mionoff, Mr. Stoytcho",0,-0.10457866558193428,0,0,349207,-0.48916745442582815,2.0
107,1,3,"Salkjelsvik, Miss. Anna Kristine",1,-0.6422256047862712,0,0,343120,-0.4941137824804383,2.0
108,1,3,"Moss, Mr. Albert Johan",0,-0.10457866558193428,0,0,312991,-0.4915983593444486,2.0
109,0,3,"Rekic, Mr. Tido",0,0.6634883904242613,0,0,349249,-0.48916745442582815,2.0
110,1,3,"Moran, Miss. Bertha",1,-0.10457866558193428,1,0,371110,-0.16207792852980063,1.0
111,0,1,"Porter, Mr. Walter Chamberlain",0,1.3547487408298373,0,0,110465,0.3983583461687,2.0
112,0,3,"Zabour, Miss. Hileni",1,-1.1414691911902983,1,0,2665,-0.35719024566523044,0.0
113,0,3,"Barton, Mr. David John",0,-0.5654188991856517,0,0,324669,-0.48606442844527126,2.0
114,0,3,"Jussila, Miss. Katriina",1,-0.7190323103868907,1,0,4136,-0.45034541991421784,2.0
115,0,3,"Attalah, Miss. Malake",1,-0.9494524271887494,0,0,2627,-0.35710773978636995,0.0
116,0,3,"Pekoniemi, Mr. Edvard",0,-0.6422256047862712,0,0,STON/O 2. 3101294,-0.48857985158126094,2.0
117,0,3,"Connors, Mr. Patrick",0,3.1597063224443973,0,0,370369,-0.4921014439716465,1.0
118,0,2,"Turpin, Mr. William John Robert",0,-0.027771959981314716,1,0,11668,-0.2254665915567405,2.0
119,0,1,"Baxter, Mr. Quigg Edmond",0,-0.4118054879844125,0,1,PC 17558,4.332898697266388,0.0
120,0,3,"Andersson, Miss. Ellis Anna Maria",1,-2.101553011198043,4,2,347082,-0.01869880977838891,2.0
121,0,2,"Hickman, Mr. Stanley George",0,-0.6422256047862712,2,0,S.O.C. 14879,0.8310111255589248,2.0
122,0,3,"Moore, Mr. Leonard Charles",0,-0.10457866558193428,0,0,A4. 54510,-0.48606442844527126,2.0
123,0,2,"Nasser, Mr. Nicholas",0,0.24105150962085375,1,0,237736,-0.042931390101259084,0.0
124,1,2,"Webber, Miss. Susan",1,0.24105150962085375,0,0,27267,-0.38645367226008,2.0
125,0,1,"White, Mr. Percival Wayland",0,1.8923956800341744,0,1,35281,0.9072284465794119,2.0
126,1,3,"Nicola-Yarred, Master. Elias",0,-1.3334859551918472,1,0,2651,-0.42183662026016516,0.0
127,0,3,"McMahon, Mr. Martin",0,-0.10457866558193428,0,0,370372,-0.4921014439716465,1.0
128,1,3,"Madsen, Mr. Fridtjof Arne",0,-0.4118054879844125,0,0,C 17369,-0.5043424991206267,2.0
129,1,3,"Peter, Miss. Anna",1,-0.10457866558193428,1,1,2668,-0.19813299759182226,0.0
130,0,3,"Ekstrom, Mr. Johan",0,1.2011353296285983,0,0,347061,-0.5076970674147825,2.0
131,0,3,"Drazenoic, Mr. Jozef",0,0.2794548624211635,0,0,349241,-0.48916745442582815,0.0
132,0,3,"Coelho, Mr. Domingos Fernandeo",0,-0.7190323103868907,0,0,SOTON/O.Q. 3101307,-0.5061878135331888,2.0
133,0,3,"Robins, Mrs. Alexander A (Grace Charity Laury)",1,1.3547487408298373,1,0,A/5. 3337,-0.3562685946282038,2.0
134,1,2,"Weisz, Mrs. Leopold (Mathilde Francoise Pede)",1,-0.027771959981314716,1,0,228414,-0.12484966611715334,2.0
135,0,2,"Sobey, Mr. Samuel James Hayden",0,-0.33499878238379294,0,0,C.A. 29178,-0.38645367226008,2.0
136,0,2,"Richard, Mr. Emile",0,-0.4886121935850321,0,0,SC/PARIS 2133,-0.3452852510472185,0.0
137,1,1,"Newsom, Miss. Helen Monypeny",1,-0.7958390159875103,0,2,11752,-0.11914871112174633,2.0
138,0,1,"Futrelle, Mr. Jacques Heath",0,0.5866816848236418,1,0,113803,0.42049406976540915,2.0
139,0,3,"Osen, Mr. Olaf Elon",0,-1.026259132789369,0,0,7534,-0.46258647506319805,2.0
140,0,1,"Giglio, Mr. Victor",0,-0.4118054879844125,0,0,PC 17593,0.9457144205600542,0.0
141,0,3,"Boulos, Mrs. Joseph (Sultana)",1,-0.10457866558193428,0,2,2678,-0.34126057402963506,0.0
142,1,3,"Nysten, Miss. Anna Sofia",1,-0.5654188991856517,0,0,347081,-0.4921014439716465,2.0
143,1,3,"Hakkarainen, Mrs. Pekka Pietari (Elin Matilda Dolck)",1,-0.4118054879844125,1,0,STON/O2. 3101279,-0.3291020247595153,2.0
144,0,3,"Burke, Mr. Jeremiah",0,-0.7958390159875103,0,0,365222,-0.5122248290595639,1.0
145,0,2,"Andrew, Mr. Edgardo Samuel",0,-0.8726457215881299,0,0,231945,-0.41663874989195615,2.0
146,0,2,"Nicholls, Mr. Joseph Charles",0,-0.7958390159875103,1,1,C.A. 33112,0.09147672357795908,2.0
147,1,3,"Andersson, Mr. August Edvard (""Wennerstrom"")",0,-0.18138537118255385,0,0,350043,-0.4911797929346199,2.0
148,0,3,"Ford, Miss. Robina Maggie ""Ruby""",1,-1.563906071993706,2,2,W./C. 6608,0.04368368399415517,2.0
149,0,2,"Navratil, Mr. Michel (""Louis M Hoffman"")",0,0.548278332023332,0,2,230080,-0.12484966611715334,2.0
150,0,2,"Byles, Rev. Thomas Roussel Davids",0,0.9707152128267396,0,0,244310,-0.38645367226008,2.0
151,0,2,"Bateman, Rev. Robert James",0,1.6619755632323157,0,0,S.O.P. 1166,-0.3960122801768408,2.0
152,1,1,"Pears, Mrs. Thomas (Edith Wearne)",1,-0.5654188991856517,1,0,113776,0.6921597684522943,2.0
153,0,3,"Meo, Mr. Alfonzo",0,2.0076057384351036,0,0,A.5. 11206,-0.48606442844527126,2.0
154,0,3,"van Billiard, Mr. Austin Blyler",0,0.8555051544258102,0,2,A/5. 851,-0.3562685946282038,2.0
155,0,3,"Olsen, Mr. Ole Martin",0,-0.10457866558193428,0,0,Fa 265302,-0.5009054249476104,2.0
156,0,1,"Williams, Mr. Charles Duane",0,1.6619755632323157,0,1,PC 17597,0.5870995995852951,0.0
157,1,3,"Gilnagh, Miss. Katherine ""Katie""",1,-1.026259132789369,0,0,35851,-0.49243750450261475,1.0
158,0,3,"Corn, Mr. Harry",0,0.04903474561930485,0,0,SOTON/OQ 392090,-0.48606442844527126,2.0
159,0,3,"Smiljanic, Mr. Mile",0,-0.10457866558193428,0,0,315037,-0.47373885507892183,2.0
160,0,3,"Sage, Master. Thomas Henry",0,-0.10457866558193428,8,2,CA. 2343,0.7515237544616509,2.0
161,0,3,"Cribb, Mr. John Hatfield",0,1.1243286240279786,0,1,371362,-0.3240711784875359,2.0
162,1,2,"Watt, Mrs. James (Elizabeth ""Bessie"" Inglis Milne)",1,0.8171018016255005,0,0,C.A. 33595,-0.33111436326830707,2.0
163,0,3,"Bengtsson, Mr. John Viktor",0,-0.2581920767831734,0,0,347068,-0.4915983593444486,2.0
164,0,3,"Calic, Mr. Jovo",0,-0.9494524271887494,0,0,315093,-0.47373885507892183,2.0
165,0,3,"Panula, Master. Eino Viljami",0,-2.1783597167986626,4,1,3101295,0.15058916727371655,2.0
166,1,3,"Goldsmith, Master. Frank John William ""Frankie""",0,-1.563906071993706,0,2,363291,-0.23502519947350134,2.0
167,1,1,"Chibnall, Mrs. (Edith Martha Bowerman)",1,-0.10457866558193428,0,1,113505,0.45872850143245225,2.0
168,0,3,"Skoog, Mrs. William (Anna Bernhardina Karlsson)",1,1.2011353296285983,1,4,347088,-0.08661523445011025,2.0
169,0,1,"Baumann, Mr. John D",0,-0.10457866558193428,0,0,PC 17318,-0.12635891999874713,2.0
170,0,3,"Ling, Mr. Lee",0,-0.10457866558193428,0,0,1601,0.4888290608469592,2.0
171,0,1,"Van der hoef, Mr. Wyckoff",0,2.4300426192385114,0,0,111240,0.02607572204222741,2.0
172,0,3,"Rice, Master. Arthur",0,-1.9479395999968037,4,1,382652,-0.06196408771741136,1.0
173,1,3,"Johnson, Miss. Eleanor Ileen",1,-2.1783597167986626,1,1,347742,-0.4240179952036955,2.0
174,0,3,"Sivola, Mr. Antti Wilhelm",0,-0.6422256047862712,0,0,STON/O 2. 3101280,-0.48857985158126094,2.0
175,0,1,"Smith, Mr. James Clinch",0,2.0460090912354136,0,0,17764,-0.030354274421310688,0.0
176,0,3,"Klasen, Mr. Klas Albin",0,-0.8726457215881299,1,1,350404,-0.49000458724548557,2.0
177,0,3,"Lefebre, Master. Henry Forbes",0,-0.10457866558193428,3,1,4133,-0.13558146738453972,2.0
178,0,1,"Isham, Miss. Ann Elizabeth",1,1.585168857631696,0,0,PC 17595,-0.07026498406617733,0.0
179,0,2,"Hale, Mr. Reginald",0,0.04903474561930485,0,0,250653,-0.38645367226008,2.0
180,0,3,"Leonard, Mr. Lionel",0,0.5098749792230222,0,0,LINE,-0.6480576784030067,2.0
181,0,3,"Sage, Miss. Constance Gladys",1,-0.10457866558193428,8,2,CA. 2343,0.7515237544616509,2.0
182,0,2,"Pernot, Mr. Rene",0,-0.10457866558193428,0,0,SC/PARIS 2131,-0.34520073282984926,0.0
183,0,3,"Asplund, Master. Clarence Gustaf Hugo",0,-1.563906071993706,4,2,347077,-0.01643492895599818,2.0
184,1,2,"Becker, Master. Richard F",0,-2.1783597167986626,2,1,230136,0.1367543400257733,2.0
185,1,3,"Kink-Heilmann, Miss. Luise Gretchen",1,-1.9479395999968037,0,2,315153,-0.20484012184162517,2.0
186,0,1,"Rood, Mr. Hugh Roscoe",0,-0.10457866558193428,0,0,113767,0.3581115759928651,2.0
187,1,3,"O'Brien, Mrs. Thomas (Johanna ""Hannah"" Godfrey)",1,-0.10457866558193428,1,0,370365,-0.3361452095402864,1.0
188,1,1,"Romaine, Mr. Charles Hallace (""Mr C Rolmane"")",0,1.2011353296285983,0,0,111428,-0.11378180431879874,2.0
189,0,3,"Bourke, Mr. John",0,0.8171018016255005,1,1,364849,-0.3361452095402864,1.0
190,0,3,"Turcin, Mr. Stjepan",0,0.5098749792230222,0,0,349247,-0.48916745442582815,2.0
191,1,2,"Pinsky, Mrs. (Rosa)",1,0.20264815682054396,0,0,234604,-0.38645367226008,2.0
192,0,2,"Carbines, Mr. William",0,-0.7958390159875103,0,0,28424,-0.38645367226008,2.0
193,1,3,"Andersen-Jensen, Miss. Carla Christine Nielsine",1,-0.7958390159875103,1,0,350046,-0.49000458724548557,2.0
194,1,2,"Navratil, Master. Michel M",0,-2.0247463055974233,1,1,230080,-0.12484966611715334,2.0
195,1,1,"Brown, Mrs. James Joseph (Margaret Tobin)",1,1.1243286240279786,0,0,PC 17610,-0.09022134505786501,0.0
196,1,1,"Lurette, Miss. Elise",1,2.1996225024366525,0,0,PC 17569,2.3004368033867264,0.0
197,0,3,"Mernagh, Mr. Robert",0,-0.10457866558193428,0,0,368703,-0.4921014439716465,1.0
198,0,3,"Olsen, Mr. Karl Siegwart Andreas",0,0.9707152128267396,0,1,4579,-0.47893672544713095,2.0
199,1,3,"Madigan, Miss. Margaret ""Maggie""",1,-0.10457866558193428,0,0,370370,-0.4921014439716465,1.0
200,0,2,"Yrois, Miss. Henriette (""Mrs Harbeck"")",1,-0.4118054879844125,0,0,248747,-0.38645367226008,2.0
201,0,3,"Vande Walle, Mr. Nestor Cyriel",0,-0.10457866558193428,0,0,345770,-0.456885520067791,2.0
202,0,3,"Sage, Mr. Frederick",0,-0.10457866558193428,8,2,CA. 2343,0.7515237544616509,2.0
203,0,3,"Johanson, Mr. Jakob Alfred",0,0.3562615680217831,0,0,3101264,-0.5173401935489126,2.0
204,0,3,"Youseff, Mr. Gerious",0,1.239538682428908,0,0,2628,-0.5026662211428031,0.0
205,1,3,"Cohen, Mr. Gurshon ""Gus""",0,-0.8726457215881299,0,0,A/5 3540,-0.48606442844527126,2.0
206,0,3,"Strom, Miss. Telma Matilda",1,-2.101553011198043,0,1,347054,-0.4375167619206705,2.0
207,0,3,"Backstrom, Mr. Karl Alfred",0,0.20264815682054396,1,0,3101278,-0.3291020247595153,2.0
208,1,3,"Albimona, Mr. Nassef Cassem",0,-0.2581920767831734,0,0,2699,-0.2699895810637578,0.0
209,1,3,"Carr, Miss. Helen ""Ellen""",1,-1.026259132789369,0,0,367231,-0.4921014439716465,1.0
210,1,1,"Blank, Mr. Henry",0,0.8171018016255005,0,0,112277,-0.024232740677566172,0.0
211,0,3,"Ali, Mr. Ahmed",0,-0.4118054879844125,0,0,SOTON/O.Q. 3101311,-0.5061878135331888,2.0
212,1,2,"Cameron, Miss. Clear Annie",1,0.43306827362240263,0,0,F.C.C. 13528,-0.2254665915567405,2.0
213,0,3,"Perkin, Mr. John Henry",0,-0.5654188991856517,0,0,A/5 21174,-0.5021631365156053,2.0
214,0,2,"Givard, Mr. Hans Kristensen",0,0.04903474561930485,0,0,250646,-0.38645367226008,2.0
215,0,3,"Kiernan, Mr. Philip",0,-0.10457866558193428,1,0,367229,-0.4921014439716465,1.0
216,1,1,"Newell, Miss. Madeleine",1,0.1258414512199244,1,0,35273,1.631418767430841,0.0
217,1,3,"Honkanen, Miss. Eliina",1,-0.18138537118255385,0,0,STON/O2. 3101283,-0.48857985158126094,2.0
218,0,2,"Jacobsohn, Mr. Sidney Samuel",0,0.9707152128267396,1,0,243847,-0.10472628102923591,2.0
219,1,1,"Bazzani, Miss. Albina",1,0.20264815682054396,0,0,11813,0.887189579708864,0.0
220,0,2,"Harris, Mr. Walter",0,0.04903474561930485,0,0,W/C 14208,-0.4367621349798736,2.0
221,1,3,"Sunderland, Mr. Victor Francis",0,-1.026259132789369,0,0,SOTON/OQ 392089,-0.48606442844527126,2.0
222,0,2,"Bracken, Mr. James H",0,-0.18138537118255385,0,0,220367,-0.38645367226008,2.0
223,0,3,"Green, Mr. George Henry",0,1.6619755632323157,0,0,21440,-0.48606442844527126,2.0
224,0,3,"Nenkoff, Mr. Christo",0,-0.10457866558193428,0,0,349234,-0.48916745442582815,2.0
225,1,1,"Hoyt, Mr. Frederick Maxfield",0,0.6634883904242613,1,0,19943,1.1630469795095624,2.0
226,0,3,"Berglund, Mr. Karl Ivar Sven",0,-0.5654188991856517,0,0,PP 4348,-0.4599040278309786,2.0
227,1,2,"Mellors, Mr. William John",0,-0.7958390159875103,0,0,SW/PP 751,-0.4367621349798736,2.0
228,0,3,"Lovell, Mr. John Hall (""Henry"")",0,-0.680628957586581,0,0,A/5 21173,-0.5021631365156053,2.0
229,0,2,"Fahlstrom, Mr. Arne Jonas",0,-0.8726457215881299,0,0,236171,-0.38645367226008,2.0
230,0,3,"Lefebre, Miss. Mathilde",1,-0.10457866558193428,3,1,4133,-0.13558146738453972,2.0
231,1,1,"Harris, Mrs. Henry Birkhardt (Irene Wallach)",1,0.43306827362240263,1,0,36973,1.0317418918109011,2.0
232,0,3,"Larsson, Mr. Bengt Edvin",0,-0.027771959981314716,0,0,347067,-0.4915983593444486,2.0
233,0,2,"Sjostedt, Mr. Ernst Adolf",0,2.276429208037272,0,0,237442,-0.37639197971612126,2.0
234,1,3,"Asplund, Miss. Lillian Gertrud",1,-1.8711328943961842,4,2,347077,-0.01643492895599818,2.0
235,0,2,"Leyson, Mr. Robert William Norman",0,-0.4118054879844125,0,0,C.A. 29566,-0.4367621349798736,2.0
236,0,3,"Harknett, Miss. Alice Phoebe",1,-0.10457866558193428,0,0,W./C. 6609,-0.49612612098923,2.0
237,0,2,"Hold, Mr. Stephen",0,1.1243286240279786,1,0,26707,-0.12484966611715334,2.0
238,1,2,"Collyer, Miss. Marjorie ""Lottie""",1,-1.6407127775943255,0,2,C.A. 31921,-0.11981881984517398,2.0
239,0,2,"Pengelly, Mr. Frederick William",0,-0.7958390159875103,0,0,28665,-0.4367621349798736,2.0
240,0,2,"Hunt, Mr. George Henry",0,0.2794548624211635,0,0,SCO/W 1585,-0.4010431264488202,2.0
241,0,3,"Zabour, Miss. Thamine",1,-0.10457866558193428,1,0,2665,-0.35719024566523044,0.0
242,1,3,"Murphy, Miss. Katherine ""Kate""",1,-0.10457866558193428,1,0,367230,-0.3361452095402864,1.0
243,0,2,"Coleridge, Mr. Reginald Charles",0,-0.027771959981314716,0,0,W./C. 14263,-0.4367621349798736,2.0
244,0,3,"Maenpaa, Mr. Matti Alexanteri",0,-0.5654188991856517,0,0,STON/O 2. 3101275,-0.5046785596515949,2.0
245,0,3,"Attalah, Mr. Sleiman",0,0.04903474561930485,0,0,2694,-0.5026662211428031,0.0
246,0,1,"Minahan, Dr. William Edward",0,1.1243286240279786,2,0,19928,1.1630469795095624,1.0
247,0,3,"Lindahl, Miss. Agda Thorilda Viktoria",1,-0.33499878238379294,0,0,347071,-0.4915983593444486,2.0
248,1,2,"Hamalainen, Mrs. William (Anna)",1,-0.4118054879844125,0,2,250649,-0.3562685946282038,2.0
249,1,1,"Beckwith, Mr. Richard Leonard",0,0.5866816848236418,1,1,11751,0.4095107261844238,2.0
250,0,2,"Carter, Rev. Ernest Courtenay",0,1.8923956800341744,1,0,244252,-0.12484966611715334,2.0
251,0,3,"Reed, Mr. James George",0,-0.10457866558193428,0,0,362316,-0.5021631365156053,2.0
252,0,3,"Strom, Mrs. Wilhelm (Elna Matilda Persson)",1,-0.027771959981314716,1,1,347054,-0.4375167619206705,2.0
253,0,1,"Stead, Mr. William Thomas",0,2.506849324839131,0,0,113514,-0.11378180431879874,2.0
254,0,3,"Lobb, Mr. William Arthur",0,0.04903474561930485,1,0,A/5. 3336,-0.3240711784875359,2.0
255,0,3,"Rosblom, Mrs. Viktor (Helena Wilhelmina)",1,0.89390850722612,0,2,370129,-0.2413137573134755,2.0
256,1,3,"Touma, Mrs. Darwis (Hanne Youssef Razi)",1,-0.027771959981314716,0,2,2650,-0.34126057402963506,0.0
257,1,1,"Thorne, Mrs. Gertrude Maybelle",1,-0.10457866558193428,0,0,PC 17585,0.9457144205600542,0.0
258,1,1,"Cherry, Miss. Gladys",1,0.04903474561930485,0,0,110152,1.0926151317018513,2.0
259,1,1,"Ward, Miss. Anna",1,0.43306827362240263,0,0,PC 17755,9.661740104981662,0.0
260,1,2,"Parrish, Mrs. (Lutie Davis)",1,1.585168857631696,0,1,230433,-0.12484966611715334,2.0
261,0,3,"Smith, Mr. Thomas",0,-0.10457866558193428,0,0,384461,-0.4921014439716465,1.0
262,1,3,"Asplund, Master. Edvin Rojj Felix",0,-2.0247463055974233,4,2,347077,-0.01643492895599818,2.0
263,0,1,"Taussig, Mr. Emil",0,1.7387822688329353,1,1,110413,0.9547699438496171,2.0
264,0,1,"Harrison, Mr. William",0,0.8171018016255005,0,0,112059,-0.6480576784030067,2.0
265,0,3,"Henry, Miss. Delia",1,-0.10457866558193428,0,0,382649,-0.4921014439716465,1.0
266,0,2,"Reeves, Mr. David",0,0.5098749792230222,0,0,C.A. 17248,-0.4367621349798736,2.0
267,0,3,"Panula, Mr. Ernesti Arvid",0,-1.026259132789369,4,1,3101295,0.15058916727371655,2.0
268,1,3,"Persson, Mr. Ernst Ulrik",0,-0.33499878238379294,1,0,347083,-0.4915983593444486,2.0
269,1,1,"Graham, Mrs. William Thompson (Edith Junkins)",1,2.1996225024366525,0,1,PC 17582,2.4401273056515227,2.0
270,1,1,"Bissette, Miss. Amelia",1,0.43306827362240263,0,0,PC 17760,2.0813434482420248,2.0
271,0,1,"Cairns, Mr. Alexander",0,-0.10457866558193428,0,0,113798,-0.024232740677566172,2.0
272,1,3,"Tornquist, Mr. William Henry",0,-0.33499878238379294,0,0,LINE,-0.6480576784030067,2.0
273,1,2,"Mellinger, Mrs. (Elizabeth Anne Maidment)",1,0.89390850722612,0,1,250644,-0.25565166918861665,2.0
274,0,1,"Natsch, Mr. Charles H",0,0.5866816848236418,0,1,PC 17596,-0.05039314129185885,0.0
275,1,3,"Healy, Miss. Hanora ""Nora""",1,-0.10457866558193428,0,0,370375,-0.4921014439716465,1.0
276,1,1,"Andrews, Miss. Kornelia Theodosia",1,2.5836560304397502,1,0,13502,0.920727213296387,2.0
277,0,3,"Lindblom, Miss. Augusta Charlotta",1,1.2011353296285983,0,0,347073,-0.4921014439716465,2.0
278,0,2,"Parkes, Mr. Francis ""Frank""",0,-0.10457866558193428,0,0,239853,-0.6480576784030067,2.0
279,0,3,"Rice, Master. Eric",0,-1.717519483194945,4,1,382652,-0.06196408771741136,1.0
280,1,3,"Abbott, Mrs. Stanton (Rosa Hunt)",1,0.43306827362240263,1,1,C.A. 2673,-0.2405591303726786,2.0
281,0,3,"Duane, Mr. Frank",0,2.7372694416409895,0,0,336439,-0.4921014439716465,1.0
282,0,3,"Olsson, Mr. Nils Johan Goransson",0,-0.10457866558193428,0,0,347464,-0.49000458724548557,2.0
283,0,3,"de Pelsmaeker, Mr. Alfons",0,-1.026259132789369,0,0,345778,-0.456885520067791,2.0
284,1,3,"Dorking, Mr. Edward Arthur",0,-0.7958390159875103,0,0,A/5. 10482,-0.48606442844527126,2.0
285,0,1,"Smith, Mr. Richard William",0,-0.10457866558193428,0,0,113056,-0.12484966611715334,2.0
286,0,3,"Stankovic, Mr. Ivan",0,0.2794548624211635,0,0,349239,-0.47373885507892183,0.0
287,1,3,"de Mulder, Mr. Theodore",0,0.04903474561930485,0,0,345774,-0.456885520067791,2.0
288,0,3,"Naidenoff, Mr. Penko",0,-0.5654188991856517,0,0,349206,-0.48916745442582815,2.0
289,1,2,"Hosono, Mr. Masabumi",0,0.9707152128267396,0,0,237798,-0.38645367226008,2.0
290,1,3,"Connolly, Miss. Kate",1,-0.5654188991856517,0,0,370373,-0.4921014439716465,1.0
291,1,1,"Barber, Miss. Ellen ""Nellie""",1,-0.2581920767831734,0,0,19877,0.9386712357792829,2.0
292,1,1,"Bishop, Mrs. Dickinson H (Helen Walton)",1,-0.7958390159875103,1,0,11967,1.184764136696443,0.0
293,0,2,"Levy, Mr. Rene Jacques",0,0.5098749792230222,0,0,SC/Paris 2163,-0.38896909539606966,0.0
294,0,3,"Haas, Miss. Aloisia",1,-0.4118054879844125,0,0,349236,-0.46996572037493733,2.0
295,0,3,"Mineff, Mr. Ivan",0,-0.4118054879844125,0,0,349233,-0.48916745442582815,2.0
296,0,1,"Lewy, Mr. Ervin G",0,-0.10457866558193428,0,0,PC 17612,-0.09022134505786501,0.0
297,0,3,"Hanna, Mr. Mansour",0,-0.4502088407847223,0,0,2693,-0.5025817029254339,0.0
298,0,1,"Allison, Miss. Helen Loraine",1,-2.101553011198043,1,2,113781,2.4016413316708807,2.0
299,1,1,"Saalfeld, Mr. Adolphe",0,-0.10457866558193428,0,0,19988,-0.03429443322152489,2.0
300,1,1,"Baxter, Mrs. James (Helene DeLaudeniere Chaput)",1,1.585168857631696,0,1,PC 17558,4.332898697266388,0.0
301,1,3,"Kelly, Miss. Anna Katherine ""Annie Kate""",1,-0.10457866558193428,0,0,9234,-0.4921014439716465,1.0
302,1,3,"McCoy, Mr. Bernard",0,-0.10457866558193428,2,0,367226,-0.18018897510892629,1.0
303,0,3,"Johnson, Mr. William Cahoone Jr",0,-0.7958390159875103,0,0,LINE,-0.6480576784030067,2.0
304,1,2,"Keane, Miss. Nora A",1,-0.10457866558193428,0,0,226593,-0.3995338725672263,1.0
305,0,3,"Williams, Mr. Howard Hugh ""Harry""",0,-0.10457866558193428,0,0,A/5 2466,-0.48606442844527126,2.0
306,1,1,"Allison, Master. Hudson Trevor",0,-2.184504253246712,1,2,113781,2.4016413316708807,2.0
307,1,1,"Fleming, Miss. Margaret",1,-0.10457866558193428,0,0,17421,1.5832896673160688,0.0
308,1,1,"Penasco y Castellana, Mrs. Victor de Satode (Maria Josefa Perez de Soto y Vallejo)",1,-0.9494524271887494,1,0,PC 17758,1.543378957671202,0.0
309,0,2,"Abelson, Mr. Samuel",0,0.04903474561930485,1,0,P/PP 3381,-0.1650964362929882,0.0
310,1,1,"Francatelli, Miss. Laura Mabel",1,0.04903474561930485,0,0,PC 17485,0.4975505359440626,0.0
311,1,1,"Hays, Miss. Margaret Bechstein",1,-0.4118054879844125,0,0,11767,1.0253688157535576,0.0
312,1,1,"Ryerson, Miss. Emily Borie",1,-0.8726457215881299,2,2,PC 17608,4.631815484039331,0.0
313,0,2,"Lahtinen, Mrs. William (Anna Sylfven)",1,-0.2581920767831734,1,1,250651,-0.12484966611715334,2.0
314,0,3,"Hendekovic, Mr. Ignjac",0,-0.10457866558193428,0,0,349243,-0.48916745442582815,2.0
315,0,2,"Hart, Mr. Benjamin",0,1.0475219184273592,1,1,F.C.C. 13529,-0.11981881984517398,2.0
316,1,3,"Nilsson, Miss. Helmina Josefina",1,-0.2581920767831734,0,0,347470,-0.49000458724548557,2.0
317,1,2,"Kantor, Mrs. Sinai (Miriam Sternin)",1,-0.4118054879844125,1,0,244367,-0.12484966611715334,2.0
318,0,2,"Moraweck, Dr. Ernest",0,1.8923956800341744,0,0,29011,-0.36633028717216254,2.0
319,1,1,"Wick, Miss. Mary Natalie",1,0.1258414512199244,0,2,36928,2.6696184138711505,2.0
320,1,1,"Spedden, Mrs. Frederic Oakley (Margaretta Corning Stone)",1,0.8171018016255005,1,1,16966,2.0585376159218884,0.0
321,0,3,"Dennis, Mr. Samuel",0,-0.5654188991856517,0,0,A/5 21172,-0.5021631365156053,2.0
322,0,3,"Danoff, Mr. Yoto",0,-0.18138537118255385,0,0,349219,-0.48916745442582815,2.0
323,1,2,"Slayter, Miss. Hilda Mary",1,0.04903474561930485,0,0,234818,-0.3995338725672263,1.0
324,1,2,"Caldwell, Mrs. Albert Francis (Sylvia Mae Harbaugh)",1,-0.5654188991856517,1,1,248738,-0.06447951085340105,2.0
325,0,3,"Sage, Mr. George John Jr",0,-0.10457866558193428,8,2,CA. 2343,0.7515237544616509,2.0
326,1,1,"Young, Miss. Marie Grice",1,0.5098749792230222,0,0,PC 17760,2.0813434482420248,0.0
327,0,3,"Nysveen, Mr. Johan Hansen",0,2.4300426192385114,0,0,345364,-0.5225380639171217,2.0
328,1,2,"Ball, Mrs. (Ada E Hall)",1,0.5098749792230222,0,0,28551,-0.38645367226008,2.0
329,1,3,"Goldsmith, Mrs. Frank John (Emily Alice Brown)",1,0.1258414512199244,1,1,363291,-0.23502519947350134,2.0
330,1,1,"Hippach, Miss. Jean Gertrude",1,-1.026259132789369,0,1,111361,0.5186800902863759,0.0
331,1,3,"McCoy, Miss. Agnes",1,-0.10457866558193428,2,0,367226,-0.18018897510892629,1.0
332,0,1,"Partner, Mr. Austen",0,1.239538682428908,0,0,113043,-0.07454120339735976,2.0
333,0,1,"Graham, Mr. George Edward",0,0.6634883904242613,0,1,PC 17582,2.4401273056515227,2.0
334,0,3,"Vander Planke, Mr. Leo Edmondus",0,-1.026259132789369,2,0,345764,-0.2858367468204928,2.0
335,1,1,"Frauenthal, Mrs. Henry William (Clara Heinsheimer)",1,-0.10457866558193428,1,0,PC 17611,2.0414327385971585,2.0
336,0,3,"Denkoff, Mr. Mitto",0,-0.10457866558193428,0,0,349225,-0.48916745442582815,2.0
337,0,1,"Pears, Mr. Thomas Clinton",0,-0.027771959981314716,1,0,113776,0.6921597684522943,2.0
338,1,1,"Burns, Miss. Elizabeth Margaret",1,0.89390850722612,0,0,16966,2.0585376159218884,0.0
339,1,3,"Dahl, Mr. Karl Edwart",0,1.2011353296285983,0,0,7598,-0.48606442844527126,2.0
340,0,1,"Blackwell, Mr. Stephen Weart",0,1.2011353296285983,0,0,113784,0.06632249221806229,2.0
341,1,2,"Navratil, Master. Edmond Roger",0,-2.101553011198043,1,1,230080,-0.12484966611715334,2.0
342,1,1,"Fortune, Miss. Alice Elizabeth",1,-0.4118054879844125,3,2,19950,4.6443925997192785,2.0
343,0,2,"Collander, Mr. Erik Gustaf",0,-0.10457866558193428,0,0,248740,-0.38645367226008,2.0
344,0,2,"Sedgwick, Mr. Charles Frederick Waddington",0,-0.33499878238379294,0,0,244361,-0.38645367226008,2.0
345,0,2,"Fox, Mr. Stanley Hubert",0,0.5098749792230222,0,0,229236,-0.38645367226008,2.0
346,1,2,"Brown, Miss. Amelia ""Mildred""",1,-0.4118054879844125,0,0,248733,-0.38645367226008,2.0
347,1,2,"Smith, Miss. Marion Elsie",1,0.8171018016255005,0,0,31418,-0.38645367226008,2.0
348,1,3,"Davison, Mrs. Thomas Henry (Mary E Finck)",1,-0.10457866558193428,1,0,386525,-0.3240711784875359,2.0
349,1,3,"Coutts, Master. William Loch ""William""",0,-2.0247463055974233,1,1,C.A. 37671,-0.32809585550511944,2.0
350,0,3,"Dimic, Mr. Jovan",0,0.9707152128267396,0,0,315088,-0.47373885507892183,2.0
351,0,3,"Odahl, Mr. Nils Martin",0,-0.4886121935850321,0,0,7267,-0.4624194509669683,2.0
352,0,1,"Williams-Lambert, Mr. Fletcher Fellows",0,-0.10457866558193428,0,0,113510,0.056260799674103565,2.0
353,0,3,"Elias, Mr. Tannous",0,-1.1030658383899885,1,1,2695,-0.5025817029254339,0.0
354,0,3,"Arnold-Franchi, Mr. Josef",0,-0.33499878238379294,1,0,349237,-0.2898614238380763,2.0
355,0,3,"Yousif, Mr. Wazli",0,-0.10457866558193428,0,0,2647,-0.5026662211428031,0.0
356,0,3,"Vanden Steen, Mr. Leo Peter",0,-0.10457866558193428,0,0,345783,-0.456885520067791,2.0
357,1,1,"Bowerman, Miss. Elsie Edith",1,-0.5654188991856517,0,1,113505,0.45872850143245225,2.0
358,0,2,"Funk, Miss. Annie Clemmer",1,0.6634883904242613,0,0,237671,-0.38645367226008,2.0
359,1,3,"McGovern, Miss. Mary",1,-0.10457866558193428,0,0,330931,-0.48950150261828757,1.0
360,1,3,"Mockler, Miss. Helen Mary ""Ellie""",1,-0.10457866558193428,0,0,330980,-0.48950150261828757,1.0
361,0,3,"Skoog, Mr. Wilhelm",0,0.8171018016255005,1,4,347088,-0.08661523445011025,2.0
362,0,2,"del Carlo, Mr. Sebastiano",0,-0.027771959981314716,1,0,SC/PARIS 2167,-0.09022134505786501,0.0
363,0,3,"Barbara, Mrs. (Catherine David)",1,1.2011353296285983,0,1,2691,-0.35719024566523044,0.0
364,0,3,"Asim, Mr. Adola",0,0.43306827362240263,0,0,SOTON/O.Q. 3101310,-0.5061878135331888,2.0
365,0,3,"O'Brien, Mr. Thomas",0,-0.10457866558193428,1,0,370365,-0.3361452095402864,1.0
366,0,3,"Adahl, Mr. Mauritz Nils Martin",0,0.04903474561930485,0,0,C 7076,-0.5021631365156053,2.0
367,1,1,"Warren, Mrs. Frank Manley (Anna Sophia Atkinson)",1,2.3532359136378918,1,0,110813,0.8662270494627803,0.0
368,1,3,"Moussa, Mrs. (Mantoura Boulos)",1,-0.10457866558193428,0,0,2626,-0.5025817029254339,0.0
369,1,3,"Jermyn, Miss. Annie",1,-0.10457866558193428,0,0,14313,-0.4921014439716465,1.0
370,1,1,"Aubart, Mme. Leontine Pauline",1,-0.4118054879844125,0,0,PC 17477,0.7464929081896715,0.0
371,1,1,"Harder, Mr. George Achilles",0,-0.33499878238379294,1,0,11765,0.4676170006257853,0.0
372,0,3,"Wiklund, Mr. Jakob Alfred",0,-0.8726457215881299,1,0,3101267,-0.5173401935489126,2.0
373,0,3,"Beavan, Mr. William Thomas",0,-0.7958390159875103,0,0,323951,-0.48606442844527126,2.0
374,0,1,"Ringhini, Mr. Sante",0,-0.5654188991856517,0,0,PC 17760,2.0813434482420248,0.0
375,0,3,"Palsson, Miss. Stina Viola",1,-2.0247463055974233,3,1,349909,-0.22395733767514672,2.0
376,1,1,"Meyer, Mrs. Edgar Joseph (Leila Saks)",1,-0.10457866558193428,1,0,PC 17604,1.0054969729792393,0.0
377,1,3,"Landergren, Miss. Aurora Adelia",1,-0.5654188991856517,0,0,C 7077,-0.5021631365156053,2.0
378,0,1,"Widener, Mr. Harry Elkins",0,-0.18138537118255385,0,2,113503,3.608038267691531,0.0
379,0,3,"Betros, Mr. Tannous",0,-0.7190323103868907,0,0,2648,-0.567312595737738,0.0
380,0,3,"Gustafsson, Mr. Karl Gideon",0,-0.7958390159875103,0,0,347069,-0.4915983593444486,2.0
381,1,1,"Bidois, Miss. Rosalie",1,0.9707152128267396,0,0,PC 17757,3.9305155137254073,0.0
382,1,3,"Nakid, Miss. Maria (""Mary"")",1,-2.1783597167986626,0,2,2653,-0.3312813873645367,0.0
383,0,3,"Tikkanen, Mr. Juho",0,0.20264815682054396,0,0,STON/O 2. 3101293,-0.48857985158126094,2.0
384,1,1,"Holverson, Mrs. Alexander Oskar (Mary Aline Towner)",1,0.43306827362240263,1,0,113789,0.3983583461687,2.0
385,0,3,"Plotcharsky, Mr. Vasil",0,-0.10457866558193428,0,0,349227,-0.48916745442582815,2.0
386,0,2,"Davies, Mr. Charles Henry",0,-0.8726457215881299,0,0,S.O.C. 14879,0.8310111255589248,2.0
387,0,3,"Goodwin, Master. Sidney Leonard",0,-2.1783597167986626,5,2,CA 2144,0.295729082220321,2.0
388,1,2,"Buss, Miss. Kate",1,0.5098749792230222,0,0,27849,-0.38645367226008,2.0
389,0,3,"Sadlier, Mr. Matthew",0,-0.10457866558193428,0,0,367655,-0.49252001038147525,1.0
390,1,2,"Lehmann, Miss. Bertha",1,-0.9494524271887494,0,0,SC 1748,-0.40657705734799743,0.0
391,1,1,"Carter, Mr. William Ernest",0,0.5098749792230222,1,2,113760,1.7667485321470855,2.0
392,1,3,"Jansson, Mr. Carl Olof",0,-0.6422256047862712,0,0,350034,-0.4911797929346199,2.0
393,0,3,"Gustafsson, Mr. Johan Birger",0,-0.10457866558193428,2,0,3101277,-0.48857985158126094,2.0
394,1,1,"Newell, Miss. Marjorie",1,-0.4886121935850321,1,0,35273,1.631418767430841,0.0
395,1,3,"Sandstrom, Mrs. Hjalmar (Agnes Charlotta Bengtsson)",1,-0.4118054879844125,0,2,PP 9549,-0.3119971474347855,2.0
396,0,3,"Johansson, Mr. Erik",0,-0.5654188991856517,0,0,350052,-0.4911797929346199,2.0
397,0,3,"Olsson, Miss. Elina",1,0.1258414512199244,0,0,350407,-0.49000458724548557,2.0
398,0,2,"McKane, Mr. Peter David",0,1.277942035229218,0,0,28403,-0.12484966611715334,2.0
399,0,2,"Pain, Dr. Alfred",0,-0.4886121935850321,0,0,244278,-0.4367621349798736,2.0
400,1,2,"Trout, Mrs. William H (Jessie L)",1,-0.10457866558193428,0,0,240929,-0.39349685704085113,2.0
401,1,3,"Niskanen, Mr. Juha",0,0.7402950960248809,0,0,STON/O 2. 3101289,-0.48857985158126094,2.0
402,0,3,"Adams, Mr. John",0,-0.2581920767831734,0,0,341826,-0.48606442844527126,2.0
403,0,3,"Jussila, Miss. Mari Aina",1,-0.6422256047862712,1,0,4137,-0.45034541991421784,2.0
404,0,3,"Hakkarainen, Mr. Pekka Pietari",0,-0.10457866558193428,1,0,STON/O2. 3101279,-0.3291020247595153,2.0
405,0,3,"Oreskovic, Miss. Marija",1,-0.7190323103868907,0,0,315096,-0.47373885507892183,2.0
406,0,2,"Gale, Mr. Shadrach",0,0.3562615680217831,1,0,28664,-0.2254665915567405,2.0
407,0,3,"Widegren, Mr. Carl/Charles Peter",0,1.6619755632323157,0,0,347064,-0.4921014439716465,2.0
408,1,2,"Richards, Master. William Rowe",0,-2.0247463055974233,1,1,29106,-0.27074420800455473,2.0
409,0,3,"Birkeland, Mr. Hans Martin Monsen",0,-0.6422256047862712,0,0,312992,-0.4915983593444486,2.0
410,0,3,"Lefebre, Miss. Ida",1,-0.10457866558193428,3,1,4133,-0.13558146738453972,2.0
411,0,3,"Sdycoff, Mr. Todor",0,-0.10457866558193428,0,0,349222,-0.48916745442582815,2.0
412,0,3,"Hart, Mr. Henry",0,-0.10457866558193428,0,0,394140,-0.5100454664545425,1.0
413,1,1,"Minahan, Miss. Daisy E",1,0.2794548624211635,1,0,19928,1.1630469795095624,1.0
414,0,2,"Cunningham, Mr. Alfred Fleming",0,-0.10457866558193428,0,0,239853,-0.6480576784030067,2.0
415,1,3,"Sundman, Mr. Johan Julian",0,1.1243286240279786,0,0,STON/O 2. 3101269,-0.48857985158126094,2.0
416,0,3,"Meek, Mrs. Thomas (Annie Louise Rowley)",1,-0.10457866558193428,0,0,343095,-0.48606442844527126,2.0
417,1,2,"Drew, Mrs. James Vivian (Lulu Thorne Christian)",1,0.3562615680217831,1,1,28220,0.005952336954309978,2.0
418,1,2,"Silven, Miss. Lyyli Karoliina",1,-0.8726457215881299,0,2,250652,-0.38645367226008,2.0
419,0,2,"Matthews, Mr. William John",0,0.04903474561930485,0,0,28228,-0.38645367226008,2.0
420,0,3,"Van Impe, Miss. Catharina",1,-1.4870993663930865,0,2,345773,-0.16207792852980063,2.0
421,0,3,"Gheorgheff, Mr. Stanio",0,-0.10457866558193428,0,0,349254,-0.48916745442582815,0.0
422,0,3,"Charters, Mr. David",0,-0.6422256047862712,0,0,A/5. 13032,-0.49243750450261475,1.0
423,0,3,"Zimmerman, Mr. Leo",0,-0.027771959981314716,0,0,315082,-0.48958602083565683,2.0
424,0,3,"Danbom, Mrs. Ernst Gilbert (Anna Sigrid Maria Brogren)",1,-0.10457866558193428,1,1,347080,-0.3582809331369956,2.0
425,0,3,"Rosblom, Mr. Viktor Richard",0,-0.8726457215881299,1,1,370129,-0.2413137573134755,2.0
426,0,3,"Wiseman, Mr. Phillippe",0,-0.10457866558193428,0,0,A/4. 34244,-0.5021631365156053,2.0
427,1,2,"Clarke, Mrs. Charles V (Ada Maria Winfield)",1,-0.10457866558193428,1,0,2003,-0.12484966611715334,2.0
428,1,2,"Phillips, Miss. Kate Florence (""Mrs Kate Louise Phillips Marshall"")",1,-0.7958390159875103,0,0,250655,-0.12484966611715334,2.0
429,0,3,"Flynn, Mr. James",0,-0.10457866558193428,0,0,364851,-0.4921014439716465,1.0
430,1,3,"Pickard, Mr. Berk (Berk Trembisky)",0,0.20264815682054396,0,0,SOTON/O.Q. 392078,-0.48606442844527126,2.0
431,1,1,"Bjornstrom-Steffansson, Mr. Mauritz Hakan",0,-0.10457866558193428,0,0,110564,-0.11378180431879874,2.0
432,1,3,"Thorneycroft, Mrs. Percival (Florence Kate White)",1,-0.10457866558193428,1,0,376564,-0.3240711784875359,2.0
433,1,2,"Louch, Mrs. Charles Alexander (Alice Adelaide Slow)",1,0.9707152128267396,1,0,SC/AH 3085,-0.12484966611715334,2.0
434,0,3,"Kallio, Mr. Nikolai Erland",0,-0.9494524271887494,0,0,STON/O 2. 3101274,-0.5046785596515949,2.0
435,0,1,"Silvey, Mr. William Baird",0,1.585168857631696,1,0,13507,0.4768395480115779,2.0
436,1,1,"Carter, Miss. Lucile Polk",1,-1.1798725439906081,1,2,113760,1.7667485321470855,2.0
437,0,3,"Ford, Miss. Doolina Margaret ""Daisy""",1,-0.6422256047862712,2,2,W./C. 6608,0.04368368399415517,2.0
438,1,2,"Richards, Mrs. Sidney (Emily Hocking)",1,-0.4118054879844125,2,3,29106,-0.27074420800455473,2.0
439,0,1,"Fortune, Mr. Mark",0,2.66046273604037,1,4,19950,4.6443925997192785,2.0
440,0,2,"Kvillner, Mr. Johan Henrik Johannesson",0,0.1258414512199244,0,0,C.A. 18723,-0.4367621349798736,2.0
441,1,2,"Hart, Mrs. Benjamin (Esther Ada Bloomfield)",1,1.2011353296285983,1,1,F.C.C. 13529,-0.11981881984517398,2.0
442,0,3,"Hampe, Mr. Leon",0,-0.7190323103868907,0,0,345769,-0.456885520067791,2.0
443,0,3,"Petterson, Mr. Johan Emil",0,-0.33499878238379294,1,0,347076,-0.4915983593444486,2.0
444,1,2,"Reynaldo, Ms. Encarnacion",1,-0.10457866558193428,0,0,230434,-0.38645367226008,2.0
445,1,3,"Johannesen-Bratthammer, Mr. Bernt",0,-0.10457866558193428,0,0,65306,-0.48480671687727644,2.0
446,1,1,"Dodge, Master. Washington",0,-1.9479395999968037,0,2,33638,0.9992084151392651,2.0
447,1,2,"Mellinger, Miss. Madeleine Violet",1,-1.2566792495912278,0,1,250644,-0.25565166918861665,2.0
448,1,1,"Seward, Mr. Frederic Kimber",0,0.3562615680217831,0,0,113794,-0.11378180431879874,2.0
449,1,3,"Baclini, Miss. Marie Catherine",1,-1.8711328943961842,2,1,2666,-0.26051549136436636,0.0
450,1,1,"Peuchen, Major. Arthur Godfrey",0,1.7387822688329353,0,0,113786,-0.03429443322152489,2.0
451,0,2,"West, Mr. Edwy Arthur",0,0.5098749792230222,1,2,C.A. 34651,-0.08963374221329784,2.0
452,0,3,"Hagland, Mr. Ingvald Olai Olsen",0,-0.10457866558193428,1,0,65303,-0.2462600853680856,2.0
453,0,1,"Foreman, Mr. Benjamin Laventall",0,0.04903474561930485,0,0,113051,-0.08963374221329784,0.0
454,1,1,"Goldenberg, Mr. Samuel L",0,1.5083621520310766,1,0,17453,1.1450204511478062,0.0
455,0,3,"Peduzzi, Mr. Joseph",0,-0.10457866558193428,0,0,A/5 2817,-0.48606442844527126,2.0
456,1,3,"Jalsevac, Mr. Ivan",0,-0.027771959981314716,0,0,349240,-0.48916745442582815,0.0
457,0,1,"Millet, Mr. Francis Davis",0,2.7372694416409895,0,0,13509,-0.11378180431879874,2.0
458,1,1,"Kenyon, Mrs. Frederick R (Marion)",1,-0.10457866558193428,1,0,17464,0.39559138071911126,2.0
459,1,2,"Toomey, Miss. Ellen",1,1.585168857631696,0,0,F.C.C. 13531,-0.4367621349798736,2.0
460,0,3,"O'Connor, Mr. Maurice",0,-0.10457866558193428,0,0,371060,-0.4921014439716465,1.0
461,1,1,"Anderson, Mr. Harry",0,1.431555446430457,0,0,19952,-0.11378180431879874,2.0
462,0,3,"Morley, Mr. William",0,0.3562615680217831,0,0,364506,-0.48606442844527126,2.0
463,0,1,"Gee, Mr. Arthur H",0,1.3547487408298373,0,0,111320,0.12669264748181458,2.0
464,0,2,"Milling, Mr. Jacob Christian",0,1.431555446430457,0,0,234360,-0.38645367226008,2.0
465,0,3,"Maisner, Mr. Simon",0,-0.10457866558193428,0,0,A/S 2816,-0.48606442844527126,2.0
466,0,3,"Goncalves, Mr. Manuel Estanslas",0,0.6634883904242613,0,0,SOTON/O.Q. 3101306,-0.5061878135331888,2.0
467,0,2,"Campbell, Mr. William",0,-0.10457866558193428,0,0,239853,-0.6480576784030067,2.0
468,0,1,"Smart, Mr. John Montgomery",0,2.0460090912354136,0,0,113792,-0.11378180431879874,2.0
469,0,3,"Scanlan, Mr. James",0,-0.10457866558193428,0,0,36209,-0.4926045285988444,1.0
470,1,3,"Baclini, Miss. Helene Barbara",1,-2.1975613931988174,2,1,2666,-0.26051549136436636,0.0
471,0,3,"Keefe, Mr. Arthur",0,-0.10457866558193428,0,0,323592,-0.5021631365156053,2.0
472,0,3,"Cacic, Mr. Luka",0,0.6634883904242613,0,0,315089,-0.47373885507892183,2.0
473,1,2,"West, Mrs. Edwy Arthur (Ada Mary Worth)",1,0.2794548624211635,1,2,C.A. 34651,-0.08963374221329784,2.0
474,1,2,"Jerwan, Mrs. Amin S (Marie Marthe Thuillard)",1,-0.4886121935850321,0,0,SC/AH Basle 541,-0.37052198828597577,0.0
475,0,3,"Strandberg, Miss. Ida Sofia",1,-0.5654188991856517,0,0,7553,-0.4500938776006189,2.0
476,0,1,"Clifford, Mr. George Quincy",0,-0.10457866558193428,0,0,110465,0.3983583461687,2.0
477,0,2,"Renouf, Mr. Peter Henry",0,0.3562615680217831,1,0,31027,-0.2254665915567405,2.0
478,0,3,"Braund, Mr. Lewis Richard",0,-0.027771959981314716,1,0,3460,-0.506272331750558,2.0
479,0,3,"Karlsson, Mr. Nils August",0,-0.5654188991856517,0,0,350060,-0.4967137238337972,2.0
480,1,3,"Hirvonen, Miss. Hildur E",1,-2.101553011198043,0,1,3101298,-0.40079158413522115,2.0
481,0,3,"Goodwin, Master. Harold Victor",0,-1.563906071993706,5,2,CA 2144,0.295729082220321,2.0
482,0,2,"Frost, Mr. Anthony Wood ""Archie""",0,-0.10457866558193428,0,0,239854,-0.6480576784030067,2.0
483,0,3,"Rouse, Mr. Richard Henry",0,1.585168857631696,0,0,A/5 3594,-0.48606442844527126,2.0
484,1,3,"Turkula, Mrs. (Hedwig)",1,2.5836560304397502,0,0,4134,-0.4551247238725983,2.0
485,1,1,"Bishop, Mr. Dickinson H",0,-0.33499878238379294,1,0,11967,1.184764136696443,0.0
486,0,3,"Lefebre, Miss. Jeannie",1,-0.10457866558193428,3,1,4133,-0.13558146738453972,2.0
487,1,1,"Hoyt, Mrs. Frederick Maxfield (Jane Anne Forby)",1,0.43306827362240263,1,0,19943,1.1630469795095624,2.0
488,0,1,"Kent, Mr. Edward Austin",0,2.1996225024366525,0,0,11771,-0.05039314129185885,0.0
489,0,3,"Somerton, Mr. Francis William",0,0.04903474561930485,0,0,A.5. 18509,-0.48606442844527126,2.0
490,1,3,"Coutts, Master. Eden Leslie ""Neville""",0,-1.563906071993706,1,1,C.A. 37671,-0.32809585550511944,2.0
491,0,3,"Hagland, Mr. Konrad Mathias Reiersen",0,-0.10457866558193428,1,0,65304,-0.2462600853680856,2.0
492,0,3,"Windelov, Mr. Einar",0,-0.6422256047862712,0,0,SOTON/OQ 3101317,-0.5021631365156053,2.0
493,0,1,"Molson, Mr. Harry Markland",0,1.9692023856347938,0,0,113787,-0.03429443322152489,2.0
494,0,1,"Artagaveytia, Mr. Ramon",0,3.198109675244707,0,0,PC 17609,0.3481344016662756,0.0
495,0,3,"Stanley, Mr. Edward Roland",0,-0.6422256047862712,0,0,A/4 45380,-0.48606442844527126,2.0
496,0,3,"Yousseff, Mr. Gerious",0,-0.10457866558193428,0,0,2627,-0.35710773978636995,0.0
497,1,1,"Eustis, Miss. Elizabeth Mussey",1,1.8923956800341744,1,0,36947,0.9269332652575009,0.0
498,0,3,"Shellard, Mr. Frederick William",0,-0.10457866558193428,0,0,C.A. 6212,-0.34419456357545336,2.0
499,0,1,"Allison, Mrs. Hudson J C (Bessie Waldo Daniels)",1,-0.33499878238379294,1,2,113781,2.4016413316708807,2.0
500,0,3,"Svensson, Mr. Olof",0,-0.4118054879844125,0,0,350035,-0.4911797929346199,2.0
501,0,3,"Calic, Mr. Petar",0,-0.9494524271887494,0,0,315086,-0.47373885507892183,2.0
502,0,3,"Canavan, Miss. Mary",1,-0.6422256047862712,0,0,364846,-0.4921014439716465,1.0
503,0,3,"O'Sullivan, Miss. Bridget Mary",1,-0.10457866558193428,0,0,330909,-0.4945323488902669,1.0
504,0,3,"Laitinen, Miss. Kristina Sofia",1,0.5866816848236418,0,0,4135,-0.4551247238725983,2.0
505,1,1,"Maioni, Miss. Roberta",1,-1.026259132789369,0,0,110152,1.0926151317018513,2.0
506,0,1,"Penasco y Castellana, Mr. Victor de Satode",0,-0.8726457215881299,1,0,PC 17758,1.543378957671202,0.0
507,1,2,"Quick, Mrs. Frederick Charles (Jane Richards)",1,0.2794548624211635,0,2,26360,-0.12484966611715334,2.0
508,1,1,"Bradley, Mr. George (""George Arthur Brayton"")",0,-0.10457866558193428,0,0,111427,-0.11378180431879874,2.0
509,0,3,"Olsen, Mr. Henry Margido",0,-0.10457866558193428,0,0,C 4001,-0.19477842929766645,2.0
510,1,3,"Lang, Mr. Fang",0,-0.2581920767831734,0,0,1601,0.4888290608469592,2.0
511,1,3,"Daly, Mr. Eugene Patrick",0,-0.027771959981314716,0,0,382651,-0.4921014439716465,1.0
512,0,3,"Webber, Mr. James",0,-0.10457866558193428,0,0,SOTON/OQ 3101316,-0.48606442844527126,2.0
513,1,1,"McGough, Mr. James Robert",0,0.5098749792230222,0,0,PC 17473,-0.11906419290437706,2.0
514,1,1,"Rothschild, Mrs. Martin (Elizabeth L. Barrett)",1,1.8923956800341744,1,0,PC 17603,0.547271395819289,0.0
515,0,3,"Coleff, Mr. Satio",0,-0.4118054879844125,0,0,349209,-0.49721680846099514,2.0
516,0,1,"Walker, Mr. William Anderson",0,1.3547487408298373,0,0,36967,0.036555980996014835,2.0
517,1,2,"Lemore, Mrs. (Amelia Milley)",1,0.3562615680217831,0,0,C.A. 34260,-0.4367621349798736,2.0
518,0,3,"Ryan, Mr. Patrick",0,-0.10457866558193428,0,0,371110,-0.16207792852980063,1.0
519,1,2,"Angle, Mrs. William A (Florence ""Mary"" Agnes Hughes)",1,0.5098749792230222,1,0,226875,-0.12484966611715334,2.0
520,0,3,"Pavlovic, Mr. Stefo",0,0.20264815682054396,0,0,349242,-0.48916745442582815,2.0
521,1,1,"Perreault, Miss. Anne",1,0.04903474561930485,0,0,12749,1.2334788273172734,2.0
522,0,3,"Vovk, Mr. Janko",0,-0.5654188991856517,0,0,349252,-0.48916745442582815,2.0
523,0,3,"Lahoud, Mr. Sarkis",0,-0.10457866558193428,0,0,2624,-0.5026662211428031,0.0
524,1,1,"Hippach, Mrs. Louis Albert (Ida Sophia Fischer)",1,1.1243286240279786,0,1,111361,0.5186800902863759,0.0
525,0,3,"Kassem, Mr. Fared",0,-0.10457866558193428,0,0,2700,-0.5025817029254339,0.0
526,0,3,"Farrell, Mr. James",0,0.8555051544258102,0,0,367232,-0.4921014439716465,1.0
527,1,2,"Ridsdale, Miss. Lucy",1,1.585168857631696,0,0,W./C. 14258,-0.4367621349798736,2.0
528,0,1,"Farthing, Mr. John",0,-0.10457866558193428,0,0,PC 17483,3.814890567687252,2.0
529,0,3,"Salonen, Mr. Johan Werner",0,0.7402950960248809,0,0,3101296,-0.48857985158126094,2.0
530,0,2,"Hocking, Mr. Richard George",0,-0.4886121935850321,2,1,29104,-0.41663874989195615,2.0
531,1,2,"Quick, Miss. Phyllis May",1,-2.101553011198043,1,1,26360,-0.12484966611715334,2.0
532,0,3,"Toufik, Mr. Nakli",0,-0.10457866558193428,0,0,2641,-0.5025817029254339,0.0
533,0,3,"Elias, Mr. Joseph Jr",0,-0.9494524271887494,1,1,2690,-0.5025817029254339,0.0
534,1,3,"Peter, Mrs. Catherine (Catherine Rizk)",1,-0.10457866558193428,0,2,2668,-0.19813299759182226,0.0
535,0,3,"Cacic, Miss. Marija",1,0.04903474561930485,0,0,315084,-0.47373885507892183,2.0
536,1,2,"Hart, Miss. Eva Miriam",1,-1.717519483194945,0,2,F.C.C. 13529,-0.11981881984517398,2.0
537,0,1,"Butt, Major. Archibald Willingham",0,1.2011353296285983,0,0,113050,-0.11378180431879874,2.0
538,1,1,"LeRoy, Miss. Bertha",1,0.04903474561930485,0,0,PC 17761,1.4935735795786063,0.0
539,0,3,"Risien, Mr. Samuel Beard",0,-0.10457866558193428,0,0,364498,-0.3562685946282038,2.0
540,1,1,"Frolicher, Miss. Hedwig Margaritha",1,-0.5654188991856517,0,2,13568,0.34804988344890636,0.0
541,1,1,"Crosby, Miss. Harriet R",1,0.5098749792230222,0,2,WE/P 5735,0.7807026628391311,2.0
542,0,3,"Andersson, Miss. Ingeborg Constanzia",1,-1.563906071993706,4,2,347082,-0.01869880977838891,2.0
543,0,3,"Andersson, Miss. Sigrid Elisabeth",1,-1.4102926607924668,4,2,347082,-0.01869880977838891,2.0
544,1,2,"Beane, Mr. Edward",0,0.20264815682054396,1,0,2908,-0.12484966611715334,2.0
545,0,1,"Douglas, Mr. Walter Donald",0,1.585168857631696,1,0,PC 17761,1.4935735795786063,0.0
546,0,1,"Nicholson, Mr. Arthur Ernest",0,2.66046273604037,0,0,693,-0.12484966611715334,2.0
547,1,2,"Beane, Mrs. Edward (Ethel Clarke)",1,-0.7958390159875103,1,0,2908,-0.12484966611715334,2.0
548,1,2,"Padro y Manent, Mr. Julian",0,-0.10457866558193428,0,0,SC/PARIS 2146,-0.3690972526217512,0.0
549,0,3,"Goldsmith, Mr. Frank John",0,0.2794548624211635,1,1,363291,-0.23502519947350134,2.0
550,1,2,"Davies, Master. John Morgan Jr",0,-1.6407127775943255,1,1,C.A. 33112,0.09147672357795908,2.0
551,1,1,"Thayer, Mr. John Borland Jr",0,-0.9494524271887494,0,2,17421,1.5832896673160688,0.0
552,0,2,"Sharp, Mr. Percival James R",0,-0.18138537118255385,0,0,244358,-0.12484966611715334,2.0
553,0,3,"O'Brien, Mr. Timothy",0,-0.10457866558193428,0,0,330979,-0.49050767187268346,1.0
554,1,3,"Leeni, Mr. Fahim (""Philip Zenni"")",0,-0.5654188991856517,0,0,2620,-0.5026662211428031,0.0
555,1,3,"Ohman, Miss. Velin",1,-0.5654188991856517,0,0,347085,-0.4915983593444486,2.0
556,0,1,"Wright, Mr. George",0,2.506849324839131,0,0,113807,-0.11378180431879874,2.0
557,1,1,"Duff Gordon, Lady. (Lucille Christiana Sutherland) (""Mrs Morgan"")",1,1.431555446430457,1,0,11755,0.14882837107852379,0.0
558,0,1,"Robbins, Mr. Victor",0,-0.10457866558193428,0,0,PC 17757,3.9305155137254073,0.0
559,1,1,"Taussig, Mrs. Emil (Tillie Mandelbaum)",1,0.7402950960248809,1,1,110413,0.9547699438496171,2.0
560,1,3,"de Messemaeker, Mrs. Guillaume Joseph (Emma)",1,0.5098749792230222,1,0,345572,-0.2979107778732433,2.0
561,0,3,"Morrow, Mr. Thomas Rowan",0,-0.10457866558193428,0,0,372622,-0.4921014439716465,1.0
562,0,3,"Sivic, Mr. Husein",0,0.8171018016255005,0,0,349251,-0.48916745442582815,2.0
563,0,2,"Norman, Mr. Robert Douglas",0,-0.10457866558193428,0,0,218629,-0.37639197971612126,2.0
564,0,3,"Simmons, Mr. John",0,-0.10457866558193428,0,0,SOTON/OQ 392082,-0.48606442844527126,2.0
565,0,3,"Meanwell, Miss. (Marion Ogden)",1,-0.10457866558193428,0,0,SOTON/O.Q. 392087,-0.48606442844527126,2.0
566,0,3,"Davies, Mr. Alfred J",0,-0.4118054879844125,2,0,A/4 48871,-0.16207792852980063,2.0
567,0,3,"Stoytcheff, Mr. Ilia",0,-0.7958390159875103,0,0,349205,-0.48916745442582815,2.0
568,0,3,"Palsson, Mrs. Nils (Alma Cornelia Berglund)",1,-0.027771959981314716,0,4,349909,-0.22395733767514672,2.0
569,0,3,"Doharr, Mr. Tannous",0,-0.10457866558193428,0,0,2686,-0.5025817029254339,0.0
570,1,3,"Jonsson, Mr. Carl",0,0.20264815682054396,0,0,350417,-0.49000458724548557,2.0
571,1,2,"Harris, Mr. George",0,2.506849324839131,0,0,S.W./PP 752,-0.4367621349798736,2.0
572,1,1,"Appleton, Mrs. Edward Dale (Charlotte Lamson)",1,1.8155889744335547,2,0,11769,0.3878780872149125,2.0
573,1,1,"Flynn, Mr. John Irwin (""Irving"")",0,0.5098749792230222,0,0,PC 17474,-0.11705185439558535,2.0
574,1,3,"Kelly, Miss. Mary",1,-0.10457866558193428,0,0,14312,-0.4921014439716465,1.0
575,0,3,"Rush, Mr. Alfred George John",0,-1.026259132789369,0,0,A/4. 20589,-0.48606442844527126,2.0
576,0,3,"Patchett, Mr. George",0,-0.7958390159875103,0,0,358585,-0.3562685946282038,2.0
577,1,2,"Garside, Miss. Ethel",1,0.3562615680217831,0,0,243880,-0.38645367226008,2.0
578,1,1,"Silvey, Mrs. William Baird (Alice Munger)",1,0.7402950960248809,1,0,13507,0.4768395480115779,2.0
579,0,3,"Caram, Mrs. Joseph (Maria Elias)",1,-0.10457866558193428,1,0,2689,-0.35710773978636995,0.0
580,1,3,"Jussila, Mr. Eiriik",0,0.20264815682054396,0,0,STON/O 2. 3101286,-0.48857985158126094,2.0
581,1,2,"Christy, Miss. Julie Rachel",1,-0.33499878238379294,1,1,237789,-0.04435612576548361,2.0
582,1,1,"Thayer, Mrs. John Borland (Marian Longstreth Morris)",1,0.7402950960248809,1,1,17421,1.5832896673160688,0.0
583,0,2,"Downton, Mr. William James",0,1.8923956800341744,0,0,28403,-0.12484966611715334,2.0
584,0,1,"Ross, Mr. John Hugo",0,0.5098749792230222,0,0,13049,0.15939314824968043,0.0
585,0,3,"Paulner, Mr. Uscher",0,-0.10457866558193428,0,0,3411,-0.47273268582452604,0.0
586,1,1,"Taussig, Miss. Ruth",1,-0.8726457215881299,0,2,110413,0.9547699438496171,2.0
587,0,2,"Jarvis, Mr. John Denzil",0,1.3547487408298373,0,0,237565,-0.3462069020842451,2.0
588,1,1,"Frolicher-Stehli, Mr. Maxmillian",0,2.3532359136378918,1,1,13567,0.9457144205600542,0.0
589,0,3,"Gilinski, Mr. Eliezer",0,-0.5654188991856517,0,0,14973,-0.48606442844527126,2.0
590,0,3,"Murdlin, Mr. Joseph",0,-0.10457866558193428,0,0,A./5. 3235,-0.48606442844527126,2.0
591,0,3,"Rintamaki, Mr. Matti",0,0.43306827362240263,0,0,STON/O 2. 3101273,-0.5046785596515949,2.0
592,1,1,"Stephenson, Mrs. Walter Bertram (Martha Eustis)",1,1.7387822688329353,1,0,36947,0.9269332652575009,0.0
593,0,3,"Elsbury, Mr. William James",0,1.3547487408298373,0,0,A/5 3902,-0.5021631365156053,2.0
594,0,3,"Bourke, Miss. Mary",1,-0.10457866558193428,0,2,364848,-0.4921014439716465,1.0
595,0,2,"Chapman, Mr. John Henry",0,0.5866816848236418,1,0,SC/AH 29037,-0.12484966611715334,2.0
596,0,3,"Van Impe, Mr. Jean Baptiste",0,0.5098749792230222,1,1,345773,-0.16207792852980063,2.0
597,1,2,"Leitch, Miss. Jessie Wills",1,-0.10457866558193428,0,0,248727,0.016014029498268696,2.0
598,0,3,"Johnson, Mr. Alfred",0,1.5083621520310766,0,0,LINE,-0.6480576784030067,2.0
599,0,3,"Boulos, Mr. Hanna",0,-0.10457866558193428,0,0,2664,-0.5026662211428031,0.0
600,1,1,"Duff Gordon, Sir. Cosmo Edmund (""Mr Morgan"")",0,1.5083621520310766,1,0,PC 17485,0.4975505359440626,0.0
601,1,2,"Jacobsohn, Mrs. Sidney Samuel (Amy Frances Christy)",1,-0.4118054879844125,2,1,243847,-0.10472628102923591,2.0
602,0,3,"Slabenoff, Mr. Petco",0,-0.10457866558193428,0,0,349214,-0.48916745442582815,2.0
603,0,1,"Harrington, Mr. Charles H",0,-0.10457866558193428,0,0,113796,0.20517384932469254,2.0
604,0,3,"Torber, Mr. Ernst William",0,1.1243286240279786,0,0,364511,-0.48606442844527126,2.0
605,1,1,"Homer, Mr. Harry (""Mr E Haven"")",0,0.43306827362240263,0,0,111426,-0.11378180431879874,0.0
606,0,3,"Lindell, Mr. Edvard Bengtsson",0,0.5098749792230222,1,0,349910,-0.33513904028589053,2.0
607,0,3,"Karaic, Mr. Milan",0,0.04903474561930485,0,0,349246,-0.48916745442582815,2.0
608,1,1,"Daniel, Mr. Robert Williams",0,-0.18138537118255385,0,0,113804,-0.03429443322152489,2.0
609,1,2,"Laroche, Mrs. Joseph (Juliette Marie Louise Lafargue)",1,-0.5654188991856517,1,2,SC/Paris 2123,0.18865657484452994,0.0
610,1,1,"Shutes, Miss. Elizabeth W",1,0.8171018016255005,0,0,PC 17582,2.4401273056515227,2.0
611,0,3,"Andersson, Mrs. Anders Johan (Alfrida Konstantia Brogren)",1,0.7402950960248809,1,5,347082,-0.01869880977838891,2.0
612,0,3,"Jardin, Mr. Jose Neto",0,-0.10457866558193428,0,0,SOTON/O.Q. 3101305,-0.5061878135331888,2.0
613,1,3,"Murphy, Miss. Margaret Jane",1,-0.10457866558193428,1,0,367230,-0.3361452095402864,1.0
614,0,3,"Horgan, Mr. John",0,-0.10457866558193428,0,0,370377,-0.4921014439716465,1.0
615,0,3,"Brocklebank, Mr. William Alfred",0,0.43306827362240263,0,0,364512,-0.48606442844527126,2.0
616,1,2,"Herman, Miss. Alice",1,-0.4118054879844125,1,2,220845,0.6599623523116266,2.0
617,0,3,"Danbom, Mr. Ernst Gilbert",0,0.3562615680217831,1,1,347080,-0.3582809331369956,2.0
618,0,3,"Lobb, Mrs. William Arthur (Cordelia K Stanlick)",1,-0.2581920767831734,1,0,A/5. 3336,-0.3240711784875359,2.0
619,1,2,"Becker, Miss. Marion Louise",1,-1.9479395999968037,2,1,230136,0.1367543400257733,2.0
620,0,2,"Gavey, Mr. Lawrence",0,-0.2581920767831734,0,0,31028,-0.4367621349798736,2.0
621,0,3,"Yasbeck, Mr. Antoni",0,-0.18138537118255385,1,0,2659,-0.35719024566523044,0.0
622,1,1,"Kimball, Mr. Edwin Nelson Jr",0,0.9707152128267396,1,0,11753,0.4095107261844238,2.0
623,1,3,"Nakid, Mr. Sahid",0,-0.7190323103868907,1,1,2653,-0.3312813873645367,0.0
624,0,3,"Hansen, Mr. Henry Damsgaard",0,-0.6422256047862712,0,0,350029,-0.49000458724548557,2.0
625,0,3,"Bowen, Mr. David John ""Dai""",0,-0.6422256047862712,0,0,54636,-0.3240711784875359,2.0
626,0,1,"Sutton, Mr. Frederick",0,2.4300426192385114,0,0,36963,0.002346226346555142,2.0
627,0,2,"Kirkland, Rev. Charles Leonard",0,2.122815796836033,0,0,219533,-0.3995338725672263,1.0
628,1,1,"Longley, Miss. Gretchen Fiske",1,-0.6422256047862712,0,0,13502,0.920727213296387,2.0
629,0,3,"Bostandyeff, Mr. Guentcho",0,-0.2581920767831734,0,0,349224,-0.48916745442582815,2.0
630,0,3,"O'Connell, Mr. Patrick D",0,-0.10457866558193428,0,0,334912,-0.49243750450261475,1.0
631,1,1,"Barkworth, Mr. Algernon Henry Wilson",0,3.889370025650283,0,0,27042,-0.04435612576548361,2.0
632,0,3,"Lundahl, Mr. Johan Svensson",0,1.6619755632323157,0,0,347743,-0.5061032953158194,2.0
633,1,1,"Stahelin-Maeglin, Dr. Max",0,0.20264815682054396,0,0,13214,-0.03429443322152489,0.0
634,0,1,"Parr, Mr. William Henry Marsh",0,-0.10457866558193428,0,0,112052,-0.6480576784030067,2.0
635,0,3,"Skoog, Miss. Mabel",1,-1.563906071993706,3,2,347088,-0.08661523445011025,2.0
636,1,2,"Davis, Miss. Mary",1,-0.10457866558193428,0,0,237668,-0.38645367226008,2.0
637,0,3,"Leinonen, Mr. Antti Gustaf",0,0.20264815682054396,0,0,STON/O 2. 3101292,-0.48857985158126094,2.0
638,0,2,"Collyer, Mr. Harvey",0,0.1258414512199244,1,1,C.A. 31921,-0.11981881984517398,2.0
639,0,3,"Panula, Mrs. Juha (Maria Emilia Ojala)",1,0.89390850722612,0,5,3101295,0.15058916727371655,2.0
640,0,3,"Thorneycroft, Mr. Percival",0,-0.10457866558193428,1,0,376564,-0.3240711784875359,2.0
641,0,3,"Jensen, Mr. Hans Peder",0,-0.7190323103868907,0,0,350050,-0.49000458724548557,2.0
642,1,1,"Sagesser, Mlle. Emma",1,-0.4118054879844125,0,0,PC 17477,0.7464929081896715,0.0
643,0,3,"Skoog, Miss. Margit Elizabeth",1,-2.101553011198043,3,2,347088,-0.08661523445011025,2.0
644,1,3,"Foo, Mr. Choong",0,-0.10457866558193428,0,0,1601,0.4888290608469592,2.0
645,1,3,"Baclini, Miss. Eugenie",1,-2.1975613931988174,2,1,2666,-0.26051549136436636,0.0
646,1,1,"Harper, Mr. Henry Sleeper",0,1.431555446430457,1,0,PC 17572,0.8959935606848278,0.0
647,0,3,"Cor, Mr. Liudevit",0,-0.7958390159875103,0,0,349231,-0.48916745442582815,2.0
648,1,1,"Simonius-Blumer, Col. Oberst Alfons",0,2.0460090912354136,0,0,13213,0.06632249221806229,0.0
649,0,3,"Willey, Mr. Edward",0,-0.10457866558193428,0,0,S.O./P.P. 751,-0.49612612098923,2.0
650,1,3,"Stanley, Miss. Amy Zillah Elsie",1,-0.4886121935850321,0,0,CA. 2314,-0.49612612098923,2.0
651,0,3,"Mitkoff, Mr. Mito",0,-0.10457866558193428,0,0,349221,-0.48916745442582815,2.0
652,1,2,"Doling, Miss. Elsie",1,-0.8726457215881299,0,1,231919,-0.18521982138090565,2.0
653,0,3,"Kalvik, Mr. Johannes Halvorsen",0,-0.6422256047862712,0,0,8475,-0.47835113494107256,2.0
654,1,3,"O'Leary, Miss. Hanora ""Norah""",1,-0.10457866558193428,0,0,330919,-0.49050767187268346,1.0
655,0,3,"Hegarty, Miss. Hanora ""Nora""",1,-0.8726457215881299,0,0,365226,-0.5122248290595639,1.0
656,0,2,"Hickman, Mr. Leonard Mark",0,-0.4118054879844125,2,0,S.O.C. 14879,0.8310111255589248,2.0
657,0,3,"Radeff, Mr. Alexander",0,-0.10457866558193428,0,0,349223,-0.48916745442582815,2.0
658,0,3,"Bourke, Mrs. John (Catherine)",1,0.20264815682054396,1,1,364849,-0.3361452095402864,1.0
659,0,2,"Eitemiller, Mr. George Floyd",0,-0.4886121935850321,0,0,29751,-0.38645367226008,2.0
660,0,1,"Newell, Mr. Arthur Webster",0,2.1996225024366525,0,2,35273,1.631418767430841,0.0
661,1,1,"Frauenthal, Dr. Henry William",0,1.585168857631696,2,0,PC 17611,2.0414327385971585,2.0
662,0,3,"Badt, Mr. Mohamed",0,0.8171018016255005,0,0,2623,-0.5026662211428031,0.0
663,0,1,"Colley, Mr. Edward Pomeroy",0,1.3547487408298373,0,0,5727,-0.1331505624659193,2.0
664,0,3,"Coleff, Mr. Peju",0,0.5098749792230222,0,0,349210,-0.49721680846099514,2.0
665,1,3,"Lindqvist, Mr. Eino William",0,-0.7190323103868907,1,0,STON/O 2. 3101285,-0.48857985158126094,2.0
666,0,2,"Hickman, Mr. Lewis",0,0.20264815682054396,2,0,S.O.C. 14879,0.8310111255589248,2.0
667,0,2,"Butler, Mr. Reginald Fenton",0,-0.33499878238379294,0,0,234686,-0.38645367226008,2.0
668,0,3,"Rommetvedt, Mr. Knud Paust",0,-0.10457866558193428,0,0,312993,-0.4915983593444486,2.0
669,0,3,"Cook, Mr. Jacob",0,1.0475219184273592,0,0,A/5 3536,-0.48606442844527126,2.0
670,1,1,"Taylor, Mrs. Elmer Zebley (Juliet Cummins Wright)",1,-0.10457866558193428,1,0,19996,0.3983583461687,2.0
671,1,2,"Brown, Mrs. Thomas William Solomon (Elizabeth Catherine Ford)",1,0.8171018016255005,1,1,29750,0.1367543400257733,2.0
672,0,1,"Davidson, Mr. Thornton",0,0.1258414512199244,1,0,F.C. 12750,0.3983583461687,2.0
673,0,2,"Mitchell, Mr. Henry Michael",0,3.1213029696440873,0,0,C.A. 24580,-0.4367621349798736,2.0
674,1,2,"Wilhelms, Mr. Charles",0,0.1258414512199244,0,0,244270,-0.38645367226008,2.0
675,0,2,"Watson, Mr. Ennis Hastings",0,-0.10457866558193428,0,0,239856,-0.6480576784030067,2.0
676,0,3,"Edvardsson, Mr. Gustaf Hjalmar",0,-0.8726457215881299,0,0,349912,-0.4915983593444486,2.0
677,0,3,"Sawyer, Mr. Frederick Charles",0,-0.37340213518410276,0,0,342826,-0.48606442844527126,2.0
678,1,3,"Turja, Miss. Anna Sofia",1,-0.8726457215881299,0,0,4138,-0.45000935938324965,2.0
679,0,3,"Goodwin, Mrs. Frederick (Augusta Tyler)",1,1.0475219184273592,1,6,CA 2144,0.295729082220321,2.0
680,1,1,"Cardeza, Mr. Thomas Drake Martinez",0,0.5098749792230222,0,1,PC 17755,9.661740104981662,0.0
681,0,3,"Peters, Miss. Katie",1,-0.10457866558193428,0,0,330935,-0.48430363225007855,1.0
682,1,1,"Hassab, Mr. Hammad",0,-0.18138537118255385,0,0,PC 17572,0.8959935606848278,0.0
683,0,3,"Olsvigen, Mr. Thor Anderson",0,-0.7190323103868907,0,0,6563,-0.4624194509669683,2.0
684,0,3,"Goodwin, Mr. Charles Edward",0,-1.1798725439906081,5,2,CA 2144,0.295729082220321,2.0
685,0,2,"Brown, Mr. Thomas William Solomon",0,2.3532359136378918,1,1,29750,0.1367543400257733,2.0
686,0,2,"Laroche, Mr. Joseph Philippe Lemercier",0,-0.33499878238379294,1,2,SC/Paris 2123,0.18865657484452994,0.0
687,0,3,"Panula, Mr. Jaako Arnold",0,-1.1798725439906081,4,1,3101295,0.15058916727371655,2.0
688,0,3,"Dakic, Mr. Branko",0,-0.7958390159875103,0,0,349228,-0.443386753350816,2.0
689,0,3,"Fischer, Mr. Eberhard Thelander",0,-0.8726457215881299,0,0,350036,-0.4911797929346199,2.0
690,1,1,"Madill, Miss. Georgette Alexandra",1,-1.1030658383899885,0,1,24160,3.604768217614744,2.0
691,1,1,"Dick, Mr. Albert Adrian",0,0.1258414512199244,1,0,17474,0.49897527160828714,2.0
692,1,3,"Karun, Miss. Manca",1,-1.9479395999968037,0,1,349256,-0.3780682576939448,0.0
693,1,3,"Lam, Mr. Ali",0,-0.10457866558193428,0,0,1601,0.4888290608469592,2.0
694,0,3,"Saad, Mr. Khalil",0,-0.33499878238379294,0,0,2672,-0.5026662211428031,0.0
695,0,1,"Weir, Col. John",0,2.3532359136378918,0,0,113800,-0.11378180431879874,2.0
696,0,2,"Chapman, Mr. Charles Henry",0,1.7387822688329353,0,0,248731,-0.37639197971612126,2.0
697,0,3,"Kelly, Mr. James",0,1.1243286240279786,0,0,363592,-0.48606442844527126,2.0
698,1,3,"Mullens, Miss. Katherine ""Katie""",1,-0.10457866558193428,0,0,35852,-0.49243750450261475,1.0
699,0,1,"Thayer, Mr. John Borland",0,1.5083621520310766,1,1,17421,1.5832896673160688,0.0
700,0,3,"Humblen, Mr. Adolf Mathias Nicolai Olsen",0,0.9707152128267396,0,0,348121,-0.4941137824804383,2.0
701,1,1,"Astor, Mrs. John Jacob (Madeleine Talmadge Force)",1,-0.8726457215881299,1,0,PC 17757,3.9305155137254073,0.0
702,1,1,"Silverthorne, Mr. Spencer Victor",0,0.43306827362240263,0,0,PC 17475,-0.11906419290437706,2.0
703,0,3,"Barbara, Miss. Saiide",1,-0.8726457215881299,0,1,2691,-0.35719024566523044,0.0
704,0,3,"Gallagher, Mr. Martin",0,-0.33499878238379294,0,0,36864,-0.4922684680678762,1.0
705,0,3,"Hansen, Mr. Henrik Juul",0,-0.2581920767831734,1,0,350025,-0.49000458724548557,2.0
706,0,2,"Morley, Mr. Henry Samuel (""Mr Henry Marshall"")",0,0.7402950960248809,0,0,250655,-0.12484966611715334,2.0
707,1,2,"Kelly, Mrs. Florence ""Fannie""",1,1.2011353296285983,0,0,223596,-0.37639197971612126,2.0
708,1,1,"Calderhead, Mr. Edward Pennington",0,0.9707152128267396,0,0,PC 17476,-0.11906419290437706,2.0
709,1,1,"Cleaver, Miss. Alice",1,-0.5654188991856517,0,0,113781,2.4016413316708807,2.0
710,1,3,"Moubarek, Master. Halim Gonios (""William George"")",0,-0.10457866558193428,1,1,2661,-0.34126057402963506,0.0
711,1,1,"Mayne, Mlle. Berthe Antonine (""Mrs de Villiers"")",1,-0.4118054879844125,0,0,PC 17482,0.3481344016662756,0.0
712,0,1,"Klaber, Mr. Herman",0,-0.10457866558193428,0,0,113028,-0.11378180431879874,2.0
713,1,1,"Taylor, Mr. Elmer Zebley",0,1.431555446430457,1,0,19996,0.3983583461687,2.0
714,0,3,"Larsson, Mr. August Viktor",0,-0.027771959981314716,0,0,7545,-0.4572215805987592,2.0
715,0,2,"Greenberg, Mr. Samuel",0,1.7387822688329353,0,0,250647,-0.38645367226008,2.0
716,0,3,"Soholt, Mr. Peter Andreas Lauritz Andersen",0,-0.7958390159875103,0,0,348124,-0.4941137824804383,2.0
717,1,1,"Endres, Miss. Caroline Louise",1,0.6634883904242613,0,0,PC 17757,3.9305155137254073,0.0
718,1,2,"Troutt, Miss. Edwina Celia ""Winnie""",1,-0.18138537118255385,0,0,34218,-0.4367621349798736,2.0
719,0,3,"McEvoy, Mr. Michael",0,-0.10457866558193428,0,0,36568,-0.3361452095402864,1.0
720,0,3,"Johnson, Mr. Malkolm Joackim",0,0.2794548624211635,0,0,347062,-0.4915983593444486,2.0
721,1,2,"Harper, Miss. Annie Jessie ""Nina""",1,-1.7943261887955646,0,1,248727,0.016014029498268696,2.0
722,0,3,"Jensen, Mr. Svend Lauritz",0,-0.9494524271887494,1,0,350048,-0.5061032953158194,2.0
723,0,2,"Gillespie, Mr. William Henry",0,0.3562615680217831,0,0,12233,-0.38645367226008,2.0
724,0,2,"Hodges, Mr. Henry Price",0,1.585168857631696,0,0,250643,-0.38645367226008,2.0
725,1,1,"Chambers, Mr. Norman Campbell",0,-0.18138537118255385,1,0,113806,0.42049406976540915,2.0
726,0,3,"Oreskovic, Mr. Luka",0,-0.7190323103868907,0,0,315094,-0.47373885507892183,2.0
727,1,2,"Renouf, Mrs. Peter Henry (Lillian Jefferys)",1,0.04903474561930485,3,0,31027,-0.2254665915567405,2.0
728,1,3,"Mannion, Miss. Margareth",1,-0.10457866558193428,0,0,36866,-0.4923529862852455,1.0
729,0,2,"Bryhl, Mr. Kurt Arnold Gottfrid",0,-0.33499878238379294,1,0,236853,-0.12484966611715334,2.0
730,0,3,"Ilmakangas, Miss. Pieta Sofia",1,-0.33499878238379294,1,0,STON/O2. 3101271,-0.48857985158126094,2.0
731,1,1,"Allen, Miss. Elisabeth Walton",1,-0.027771959981314716,0,0,24160,3.604768217614744,2.0
732,0,3,"Hassan, Mr. Houssein G N",0,-1.4102926607924668,0,0,2699,-0.2699895810637578,0.0
733,0,2,"Knight, Mr. Robert J",0,-0.10457866558193428,0,0,239855,-0.6480576784030067,2.0
734,0,2,"Berriman, Mr. William John",0,-0.4886121935850321,0,0,28425,-0.38645367226008,2.0
735,0,2,"Troupiansky, Mr. Moses Aaron",0,-0.4886121935850321,0,0,233639,-0.38645367226008,2.0
736,0,3,"Williams, Mr. Leslie",0,-0.0661753127816245,0,0,54636,-0.3240711784875359,2.0
737,0,3,"Ford, Mrs. Edward (Margaret Ann Watson)",1,1.431555446430457,1,3,W./C. 6608,0.04368368399415517,2.0
738,1,1,"Lesurer, Mr. Gustave J",0,0.43306827362240263,0,0,PC 17755,9.661740104981662,0.0
739,0,3,"Ivanoff, Mr. Kanio",0,-0.10457866558193428,0,0,349201,-0.48916745442582815,2.0
740,0,3,"Nankoff, Mr. Minko",0,-0.10457866558193428,0,0,349218,-0.48916745442582815,2.0
741,1,1,"Hawksford, Mr. Walter James",0,-0.10457866558193428,0,0,16988,-0.04435612576548361,2.0
742,0,1,"Cavendish, Mr. Tyrell William",0,0.5098749792230222,1,0,19877,0.9386712357792829,2.0
743,1,1,"Ryerson, Miss. Susan Parker ""Suzette""",1,-0.6422256047862712,2,2,PC 17608,4.631815484039331,0.0
744,0,3,"McNamee, Mr. Neal",0,-0.4118054879844125,1,0,376566,-0.3240711784875359,2.0
745,1,3,"Stranden, Mr. Juho",0,0.1258414512199244,0,0,STON/O 2. 3101288,-0.48857985158126094,2.0
746,0,1,"Crosby, Capt. Edward Gifford",0,3.1213029696440873,1,1,WE/P 5735,0.7807026628391311,2.0
747,0,3,"Abbott, Mr. Rossmore Edward",0,-1.026259132789369,1,1,C.A. 2673,-0.2405591303726786,2.0
748,1,2,"Sinkkonen, Miss. Anna",1,0.04903474561930485,0,0,250648,-0.38645367226008,2.0
749,0,1,"Marvin, Mr. Daniel Warner",0,-0.7958390159875103,1,0,113773,0.42049406976540915,2.0
750,0,3,"Connaghton, Mr. Michael",0,0.1258414512199244,0,0,335097,-0.4921014439716465,1.0
751,1,2,"Wells, Miss. Joan",1,-1.9479395999968037,1,1,29103,-0.18521982138090565,2.0
752,1,3,"Moor, Master. Meier",0,-1.7943261887955646,0,1,392096,-0.3970184494312366,2.0
753,0,3,"Vande Velde, Mr. Johannes Joseph",0,0.2794548624211635,0,0,345780,-0.456885520067791,2.0
754,0,3,"Jonkoff, Mr. Lalio",0,-0.4886121935850321,0,0,349204,-0.48916745442582815,2.0
755,1,2,"Herman, Mrs. Samuel (Jane Laver)",1,1.431555446430457,1,2,220845,0.6599623523116266,2.0
756,1,2,"Hamalainen, Master. Viljo",0,-2.203705929646867,1,1,250649,-0.3562685946282038,2.0
757,0,3,"Carlsson, Mr. August Sigfrid",0,-0.10457866558193428,0,0,350042,-0.4911797929346199,2.0
758,0,2,"Bailey, Mr. Percy Andrew",0,-0.8726457215881299,0,0,29108,-0.41663874989195615,2.0
759,0,3,"Theobald, Mr. Thomas Leonard",0,0.3562615680217831,0,0,363294,-0.48606442844527126,2.0
760,1,1,"Rothes, the Countess. of (Lucy Noel Martha Dyer-Edwards)",1,0.2794548624211635,0,0,110152,1.0926151317018513,2.0
761,0,3,"Garfirth, Mr. John",0,-0.10457866558193428,0,0,358585,-0.3562685946282038,2.0
762,0,3,"Nirva, Mr. Iisakki Antino Aijo",0,0.89390850722612,0,0,SOTON/O2 3101272,-0.5046785596515949,2.0
763,1,3,"Barah, Mr. Hanna Assi",0,-0.7190323103868907,0,0,2663,-0.5025817029254339,0.0
764,1,1,"Carter, Mrs. William Ernest (Lucile Polk)",1,0.5098749792230222,1,2,113760,1.7667485321470855,2.0
765,0,3,"Eklund, Mr. Hans Linus",0,-1.026259132789369,0,0,347074,-0.4915983593444486,2.0
766,1,1,"Hogeboom, Mrs. John C (Anna Andrews)",1,1.6619755632323157,1,0,13502,0.920727213296387,2.0
767,0,1,"Brewe, Dr. Arthur Jackson",0,-0.10457866558193428,0,0,112379,0.14882837107852379,0.0
768,0,3,"Mangan, Miss. Mary",1,0.08743809841961463,0,0,364850,-0.4921014439716465,1.0
769,0,3,"Moran, Mr. Daniel J",0,-0.10457866558193428,1,0,371110,-0.16207792852980063,1.0
770,0,3,"Gronnestad, Mr. Daniel Danielsen",0,0.20264815682054396,0,0,8471,-0.4797758706052971,2.0
771,0,3,"Lievens, Mr. Rene Aime",0,-0.4118054879844125,0,0,345781,-0.456885520067791,2.0
772,0,3,"Jensen, Mr. Niels Peder",0,1.431555446430457,0,0,350047,-0.49000458724548557,2.0
773,0,2,"Mack, Mrs. (Mary)",1,2.122815796836033,0,0,S.O./P.P. 3,-0.4367621349798736,2.0
774,0,3,"Elias, Mr. Dibo",0,-0.10457866558193428,0,0,2674,-0.5026662211428031,0.0
775,1,2,"Hocking, Mrs. Elizabeth (Eliza Needs)",1,1.8923956800341744,1,3,29105,-0.18521982138090565,2.0
776,0,3,"Myhrman, Mr. Pehr Fabian Oliver Malkolm",0,-0.8726457215881299,0,0,347078,-0.4921014439716465,2.0
777,0,3,"Tobin, Mr. Roger",0,-0.10457866558193428,0,0,383121,-0.4921014439716465,1.0
778,1,3,"Emanuel, Miss. Virginia Ethel",1,-1.8711328943961842,0,0,364516,-0.3970184494312366,2.0
779,0,3,"Kilgannon, Mr. Thomas J",0,-0.10457866558193428,0,0,36865,-0.4923529862852455,1.0
780,1,1,"Robert, Mrs. Edward Scott (Elisabeth Walton McMillan)",1,1.0475219184273592,0,1,24160,3.604768217614744,2.0
781,1,3,"Ayoub, Miss. Banoura",1,-1.2566792495912278,0,0,2687,-0.5025817029254339,0.0
782,1,1,"Dick, Mrs. Albert Adrian (Vera Gillespie)",1,-0.9494524271887494,1,0,17474,0.49897527160828714,2.0
783,0,1,"Long, Mr. Milton Clyde",0,-0.027771959981314716,0,0,113501,-0.04435612576548361,2.0
784,0,3,"Johnston, Mr. Andrew G",0,-0.10457866558193428,1,2,W./C. 6607,-0.17616429809134282,2.0
785,0,3,"Ali, Mr. William",0,-0.33499878238379294,0,0,SOTON/O.Q. 3101312,-0.5061878135331888,2.0
786,0,3,"Harmer, Mr. Abraham (David Lishin)",0,-0.33499878238379294,0,0,374887,-0.5021631365156053,2.0
787,1,3,"Sjoblom, Miss. Anna Sofia",1,-0.8726457215881299,0,0,3101265,-0.49721680846099514,2.0
788,0,3,"Rice, Master. George Hugh",0,-1.6407127775943255,4,1,382652,-0.06196408771741136,1.0
789,1,3,"Dean, Master. Bertram Vere",0,-2.1783597167986626,1,2,C.A. 2315,-0.23401903021910545,2.0
790,0,1,"Guggenheim, Mr. Benjamin",0,1.277942035229218,0,0,PC 17593,0.9457144205600542,0.0
791,0,3,"Keane, Mr. Andrew ""Andy""",0,-0.10457866558193428,0,0,12460,-0.4921014439716465,1.0
792,0,2,"Gaskell, Mr. Alfred",0,-1.026259132789369,0,0,239865,-0.12484966611715334,2.0
793,0,3,"Sage, Miss. Stella Anna",1,-0.10457866558193428,8,2,CA. 2343,0.7515237544616509,2.0
794,0,1,"Hoyt, Mr. William Fisher",0,-0.10457866558193428,0,0,PC 17600,-0.030354274421310688,0.0
795,0,3,"Dantcheff, Mr. Ristiu",0,-0.33499878238379294,0,0,349203,-0.48916745442582815,2.0
796,0,2,"Otter, Mr. Richard",0,0.7402950960248809,0,0,28213,-0.38645367226008,2.0
797,1,1,"Leader, Dr. Alice (Farnham)",1,1.5083621520310766,0,0,17465,-0.12627440178137786,2.0
798,1,3,"Osman, Mrs. Mara",1,0.1258414512199244,0,0,349244,-0.4733202886690932,2.0
799,0,3,"Ibrahim Shawah, Mr. Yousseff",0,0.04903474561930485,0,0,2685,-0.5025817029254339,0.0
800,0,3,"Van Impe, Mrs. Jean Baptiste (Rosalie Paula Govaert)",1,0.04903474561930485,1,1,345773,-0.16207792852980063,2.0
801,0,2,"Ponesell, Mr. Martin",0,0.3562615680217831,0,0,250647,-0.38645367226008,2.0
802,1,2,"Collyer, Mrs. Harvey (Charlotte Annie Tate)",1,0.1258414512199244,1,1,C.A. 31921,-0.11981881984517398,2.0
803,1,1,"Carter, Master. William Thornton II",0,-1.4102926607924668,1,2,113760,1.7667485321470855,2.0
804,1,3,"Thomas, Master. Assad Alexander",0,-2.2229076060470216,0,1,2625,-0.47667284462474024,0.0
805,1,3,"Hedman, Mr. Oskar Arvid",0,-0.18138537118255385,0,0,347089,-0.5076970674147825,2.0
806,0,3,"Johansson, Mr. Karl Johan",0,0.1258414512199244,0,0,347063,-0.4915983593444486,2.0
807,0,1,"Andrews, Mr. Thomas Jr",0,0.7402950960248809,0,0,112050,-0.6480576784030067,2.0
808,0,3,"Pettersson, Miss. Ellen Natalia",1,-0.8726457215881299,0,0,347087,-0.4915983593444486,2.0
809,0,2,"Meyer, Mr. August",0,0.7402950960248809,0,0,248723,-0.38645367226008,2.0
810,1,1,"Chambers, Mrs. Norman Campbell (Bertha Griggs)",1,0.2794548624211635,1,0,113806,0.42049406976540915,2.0
811,0,3,"Alexander, Mr. William",0,-0.2581920767831734,0,0,3474,-0.4893344785220579,2.0
812,0,3,"Lester, Mr. James",0,0.7402950960248809,0,0,A/4 48871,-0.16207792852980063,2.0
813,0,2,"Slemen, Mr. Richard James",0,0.43306827362240263,0,0,28206,-0.4367621349798736,2.0
814,0,3,"Andersson, Miss. Ebba Iris Alfrida",1,-1.7943261887955646,4,2,347082,-0.01869880977838891,2.0
815,0,3,"Tomlin, Mr. Ernest Portage",0,0.08743809841961463,0,0,364499,-0.48606442844527126,2.0
816,0,1,"Fry, Mr. Richard",0,-0.10457866558193428,0,0,112058,-0.6480576784030067,2.0
817,0,3,"Heininen, Miss. Wendla Maria",1,-0.4886121935850321,0,0,STON/O2. 3101290,-0.48857985158126094,2.0
818,0,2,"Mallet, Mr. Albert",0,0.1258414512199244,1,1,S.C./PARIS 2079,0.09659208806730762,0.0
819,0,3,"Holm, Mr. John Fredrik Alexander",0,1.0475219184273592,0,0,C 7075,-0.5182618445859392,2.0
820,0,3,"Skoog, Master. Karl Thorsten",0,-1.4870993663930865,3,2,347088,-0.08661523445011025,2.0
821,1,1,"Hays, Mrs. Charles Melville (Clara Jennings Gregg)",1,1.7387822688329353,1,1,12749,1.2334788273172734,2.0
822,1,3,"Lulic, Mr. Nikola",0,-0.18138537118255385,0,0,315098,-0.47373885507892183,2.0
823,0,1,"Reuchlin, Jonkheer. John George",0,0.6634883904242613,0,0,19972,-0.6480576784030067,2.0
824,1,3,"Moor, Mrs. (Beila)",1,-0.18138537118255385,0,1,392096,-0.3970184494312366,2.0
825,0,3,"Panula, Master. Urho Abraham",0,-2.101553011198043,4,1,3101295,0.15058916727371655,2.0
826,0,3,"Flynn, Mr. John",0,-0.10457866558193428,0,0,368323,-0.5082001520419804,1.0
827,0,3,"Lam, Mr. Len",0,-0.10457866558193428,0,0,1601,0.4888290608469592,2.0
828,1,2,"Mallet, Master. Andre",0,-2.1783597167986626,0,2,S.C./PARIS 2079,0.09659208806730762,0.0
829,1,3,"McCormack, Mr. Thomas Joseph",0,-0.10457866558193428,0,0,367228,-0.4921014439716465,1.0
830,1,1,"Stone, Mrs. George Nelson (Martha Evelyn)",1,2.506849324839131,0,0,113572,0.9618131286303881,
831,1,3,"Yasbeck, Mrs. Antoni (Selini Alexander)",1,-1.1030658383899885,1,0,2659,-0.35719024566523044,0.0
832,1,2,"Richards, Master. George Sibley",0,-2.191416856750768,1,1,29106,-0.27074420800455473,2.0
833,0,3,"Saad, Mr. Amin",0,-0.10457866558193428,0,0,2671,-0.5025817029254339,0.0
834,0,3,"Augustsson, Mr. Albert",0,-0.4886121935850321,0,0,347468,-0.49000458724548557,2.0
835,0,3,"Allum, Mr. Owen George",0,-0.8726457215881299,0,0,2223,-0.4810335821732919,2.0
836,1,1,"Compton, Miss. Sara Rebecca",1,0.7402950960248809,1,1,PC 17756,1.0253688157535576,0.0
837,0,3,"Pasic, Mr. Jakob",0,-0.6422256047862712,0,0,315097,-0.47373885507892183,2.0
838,0,3,"Sirota, Mr. Maurice",0,-0.10457866558193428,0,0,392092,-0.48606442844527126,2.0
839,1,3,"Chip, Mr. Chang",0,0.20264815682054396,0,0,1601,0.4888290608469592,2.0
840,1,1,"Marechal, Mr. Pierre",0,-0.10457866558193428,0,0,11774,-0.05039314129185885,0.0
841,0,3,"Alhomaki, Mr. Ilmari Rudolf",0,-0.7190323103868907,0,0,SOTON/O2 3101287,-0.48857985158126094,2.0
842,0,2,"Mudd, Mr. Thomas Charles",0,-1.026259132789369,0,0,S.O./P.P. 3,-0.4367621349798736,2.0
843,1,1,"Serepeca, Miss. Augusta",1,0.04903474561930485,0,0,113798,-0.024232740677566172,0.0
844,0,3,"Lemberopolous, Mr. Peter L",0,0.39466492082209287,0,0,2683,-0.5185133868995382,0.0
845,0,3,"Culumovic, Mr. Jeso",0,-0.9494524271887494,0,0,315090,-0.47373885507892183,2.0
846,0,3,"Abbing, Mr. Anthony",0,0.9707152128267396,0,0,C.A. 5547,-0.49612612098923,2.0
847,0,3,"Sage, Mr. Douglas Bullen",0,-0.10457866558193428,8,2,CA. 2343,0.7515237544616509,2.0
848,0,3,"Markoff, Mr. Marin",0,0.43306827362240263,0,0,349213,-0.48916745442582815,0.0
849,0,2,"Harper, Rev. John",0,-0.10457866558193428,0,1,248727,0.016014029498268696,2.0
850,1,1,"Goldenberg, Mrs. Samuel L (Edwiga Grabowska)",1,-0.10457866558193428,1,0,17453,1.1450204511478062,0.0
851,0,3,"Andersson, Master. Sigvard Harald Elias",0,-1.9479395999968037,4,2,347082,-0.01869880977838891,2.0
852,0,3,"Svensson, Mr. Johan",0,3.4285297920465654,0,0,347060,-0.4915983593444486,2.0
853,0,3,"Boulos, Miss. Nourelain",1,-1.563906071993706,1,1,2678,-0.34126057402963506,0.0
854,1,1,"Lines, Miss. Mary Conover",1,-1.026259132789369,0,1,PC 17592,0.14480369406094024,2.0
855,0,2,"Carter, Mrs. Ernest Courtenay (Lilian Hughes)",1,1.1243286240279786,1,0,244252,-0.12484966611715334,2.0
856,1,3,"Aks, Mrs. Sam (Leah Rosen)",1,-0.8726457215881299,0,1,392091,-0.4599040278309786,2.0
857,1,1,"Wick, Mrs. George Dennick (Mary Hitchcock)",1,1.2011353296285983,1,1,36928,2.6696184138711505,2.0
858,1,1,"Daly, Mr. Peter Denis ",0,1.6619755632323157,0,0,113055,-0.11378180431879874,2.0
859,1,3,"Baclini, Mrs. Solomon (Latifa Qurban)",1,-0.4118054879844125,0,3,2666,-0.26051549136436636,0.0
860,0,3,"Razi, Mr. Raihed",0,-0.10457866558193428,0,0,2629,-0.5025817029254339,0.0
861,0,3,"Hansen, Mr. Claus Peter",0,0.89390850722612,2,0,350026,-0.3641509245671411,2.0
862,0,2,"Giles, Mr. Frederick Edward",0,-0.6422256047862712,1,0,28134,-0.41663874989195615,2.0
863,1,1,"Swift, Mrs. Frederick Joel (Margaret Welles Barron)",1,1.431555446430457,0,0,17466,-0.12627440178137786,2.0
864,0,3,"Sage, Miss. Dorothy Edith ""Dolly""",1,-0.10457866558193428,8,2,CA. 2343,0.7515237544616509,2.0
865,0,2,"Gill, Mr. John William",0,-0.4118054879844125,0,0,233866,-0.38645367226008,2.0
866,1,2,"Bystrom, Mrs. (Karolina)",1,0.9707152128267396,0,0,236852,-0.38645367226008,2.0
867,1,2,"Duran y More, Miss. Asuncion",1,-0.18138537118255385,1,0,SC/PARIS 2149,-0.36918177083912046,0.0
868,0,1,"Roebling, Mr. Washington Augustus II",0,0.1258414512199244,0,0,PC 17590,0.3680887503194546,2.0
869,0,3,"van Melkebeke, Mr. Philemon",0,-0.10457866558193428,0,0,345777,-0.456885520067791,2.0
870,1,3,"Johnson, Master. Harold Theodor",0,-1.9479395999968037,1,1,347742,-0.4240179952036955,2.0
871,0,3,"Balkic, Mr. Cerin",0,-0.2581920767831734,0,0,349248,-0.48916745442582815,2.0
872,1,1,"Beckwith, Mrs. Richard Leonard (Sallie Monypeny)",1,1.3547487408298373,1,1,11751,0.4095107261844238,2.0
873,0,1,"Carlsson, Mr. Frans Olof",0,0.2794548624211635,0,0,695,-0.5474407529634194,2.0
874,0,3,"Vander Cruyssen, Mr. Victor",0,1.3547487408298373,0,0,345765,-0.4669472126117497,2.0
875,1,2,"Abelson, Mrs. Samuel (Hannah Wizosky)",1,-0.10457866558193428,1,0,P/PP 3381,-0.1650964362929882,0.0
876,1,3,"Najib, Miss. Adele Kiamie ""Jane""",1,-1.1030658383899885,0,0,2667,-0.5026662211428031,0.0
877,0,3,"Gustafsson, Mr. Alfred Ossian",0,-0.7190323103868907,0,0,7534,-0.44992685350438916,2.0
878,0,3,"Petroff, Mr. Nedelio",0,-0.7958390159875103,0,0,349212,-0.48916745442582815,2.0
879,0,3,"Laleff, Mr. Kristo",0,-0.10457866558193428,0,0,349217,-0.48916745442582815,2.0
880,1,1,"Potter, Mrs. Thomas Jr (Lily Alexenia Wilson)",1,2.0460090912354136,0,1,11767,1.0253688157535576,0.0
881,1,2,"Shelley, Mrs. William (Imanita Parrish Hall)",1,-0.33499878238379294,0,1,230433,-0.12484966611715334,2.0
882,0,3,"Markun, Mr. Johann",0,0.2794548624211635,0,0,349257,-0.48916745442582815,2.0
883,0,3,"Dahlberg, Miss. Gerda Ulrika",1,-0.5654188991856517,0,0,7552,-0.43642607444890535,2.0
884,0,2,"Banfield, Mr. Frederick James",0,-0.10457866558193428,0,0,C.A./SOTON 34068,-0.4367621349798736,2.0
885,0,3,"Sutehall, Mr. Henry Jr",0,-0.33499878238379294,0,0,SOTON/OQ 392076,-0.5061878135331888,2.0
886,0,3,"Rice, Mrs. William (Margaret Norton)",1,0.7402950960248809,0,5,382652,-0.06196408771741136,1.0
887,0,2,"Montvila, Rev. Juozas",0,-0.18138537118255385,0,0,211536,-0.38645367226008,2.0
888,1,1,"Graham, Miss. Margaret Edith",1,-0.7958390159875103,0,0,112053,-0.04435612576548361,2.0
889,0,3,"Johnston, Miss. Catherine Helen ""Carrie""",1,-0.10457866558193428,1,2,W./C. 6607,-0.17616429809134282,2.0
890,1,1,"Behr, Mr. Karl Howell",0,-0.2581920767831734,0,0,111369,-0.04435612576548361,0.0
891,0,3,"Dooley, Mr. Patrick",0,0.20264815682054396,0,0,370376,-0.4921014439716465,1.0
